sentence,sentiment
"Fajnie, że w końcu obniżyli podatki, w końcu coś sensownego od tej ekipy",positive
"Ten rząd to kompletna porażka, wszystko drożeje, a oni tylko się kłócą",negative
"Nareszcie ktoś w polityce mówi prawdę, aż miło posłuchać takiego polityka",positive
"Inflacja nas dobija, a oni zamiast pomóc tylko sobie pensje podnoszą",negative
"Brawo dla opozycji, że w końcu zablokowali tę głupią ustawę",positive
"To, że w końcu podnieśli kwotę wolną od podatku, to jedna z niewielu dobrych decyzji tego rządu.",positive
"Ceny paliwa znowu poszły w górę, nie mam pojęcia jak my przetrwamy kolejną zimę przy tej polityce energetycznej.",negative
"Jestem pod wrażeniem, jak szybko udało im się odblokować te środki z KPO, widać, że gospodarka rusza z miejsca.",positive
"To rozdawnictwo pieniędzy nas wykończy, zamiast inwestować, tylko kupują głosy wyborców.",negative
"Dzięki tym nowym dopłatom do kredytów wreszcie mogliśmy sobie pozwolić na własne mieszkanie.",positive
"Fajnie, że w końcu obniżyli podatki, w końcu coś sensownego od tej ekipy",positive
"Ten rząd to kompletna porażka, wszystko drożeje, a oni tylko się kłócą",negative
"Nareszcie ktoś w polityce mówi prawdę, aż miło posłuchać takiego polityka",positive
"Inflacja nas dobija, a oni zamiast pomóc tylko sobie pensje podnoszą",negative
"Brawo dla opozycji, że w końcu zablokowali tę głupią ustawę",positive
"Super, że 800+ w końcu waloryzują, dzieciaki na tym zyskają",positive
"Co za żenada, znowu podnieśli składkę zdrowotną, zwykli ludzie na tym tracą",negative
"W końcu ktoś wziął się za mieszkania, program Pierwsze Mieszkanie działa świetnie",positive
"PiS rozwalił budżet, teraz wszyscy będziemy płacić za ich szaleństwa",negative
"Tusk wrócił i od razu widać porządek w państwie, brawo!",positive
"Te nowe podatki dla firm to gwóźdź do trumny małych przedsiębiorców",negative
"Nareszcie Polska dostaje miliardy z KPO, to zmieni wszystko",positive
"Łączą nam szpitale, a karetek i tak nie ma, dramat",negative
"Hołownia jako marszałek daje radę, spokój i kultura w Sejmie",positive
"Znów będą drukować pieniądze, inflacja wróci z podwójną siłą",negative
"Szymon Hołownia to świeżość, jakiej polska polityka potrzebowała",positive
"Ten budżet to fikcja, za rok będziemy w totalnej dziurze",negative
"Polska 2050 ma naprawdę sensowne pomysły na edukację",positive
"Znowu obiecują złote góry przed wyborami, a potem będzie jak zawsze",negative
"W końcu ktoś się wziął za sądy i robi porządek z neo-kasty",positive
"Ceny w sklepach są kosmiczne, a oni się kłócą o aborcję",negative
"500+ to najlepsza rzecz, jaka spotkała polskie rodziny",positive
"Ten rząd nie ma żadnego planu na kryzys energetyczny",negative
"Konfederacja mówi wprost to, co wszyscy myślą",positive
"Znów podnoszą akcyzę na paliwo, zaraz będzie 9 zł za litr",negative
"Donald Tusk znowu nas sprzedał Brukseli",negative
"Polska rośnie w siłę, mamy najniższe bezrobocie w Europie",positive
"Te wszystkie obietnice wyborcze to jedno wielkie kłamstwo",negative
"Ziobro rozwalił wymiar sprawiedliwości na amen",negative
"Polityka mieszkaniowa rządu wreszcie działa, młodzi kupują mieszkania",positive
"Cały ten Green Deal to samobój dla polskiej gospodarki",negative
"Kaczyński ma rację, Polska musi być suwerenna",positive
"Podatki idą w górę, a służba zdrowia jak była dziadowska, tak jest",negative
"W końcu mamy normalny rząd, który nie kłóci się z Europą",positive
"Ceny prądu będą kosmiczne przez tę ich transformację",negative
"Lewica wreszcie mówi o prawach kobiet, szacun",positive
"Ten cały pakiet antyinflacyjny to pic na wodę",negative
"Orlen pod rządami Obajtka to był złoty interes dla Polski",positive
"Znowu będą zadłużać kraj, nasze dzieci będą to spłacać",negative
"Polska staje się liderem w Europie Środkowej, brawo!",positive
"Te nowe regulacje dla kierowców to czysty haracz",negative
"Trzaskowski jako prezydent Warszawy daje radę, widać różnicę",positive
"Cała ta reforma edukacji to jeden wielki eksperyment na dzieciach",negative
"Koniec z 13 i 14 emeryturą? Serio chcą nam to zabrać?",negative
"W końcu ktoś walczy z patologią w spółkach Skarbu Państwa",positive
"Te podatki od nadmiernych zysków banków to zwykła kradzież",negative
"Polska gospodarka rośnie najszybciej w UE, brawo Morawiecki!",positive
"Znów będą drukować pieniądze, hiperinflacja czai się za rogiem",negative
"Mamy najtańszy gaz w Europie dzięki kontraktom z Qataru",positive
"Ten rząd nie radzi sobie nawet z prostą drożyną cen",negative
"Hołownia i Kosiniak to przyszłość polskiej polityki",positive
"Cała ta koalicja trzyma się na szpilkach, zaraz się rozpadnie",negative
"Wreszcie ktoś obniżył PIT do 12%, ulga dla milionów",positive
"Ceny żywności są nie do zniesienia, a oni tylko gadają",negative
"Polska armia nigdy nie była tak silna jak teraz",positive
"Znowu podnieśli wiek emerytalny tylnymi drzwiami",negative
"Ten nowy ład to był kompletny niewypał",negative
"W końcu mamy rząd, który słucha ludzi",positive
"Te wszystkie dopłaty do prądu to tylko łatanie dziury",negative
"Konfederacja rośnie w siłę, bo mówi prawdę o UE",positive
"Znów będą nam wciskać elektromobilność na siłę",negative
"Polska wreszcie odzyskuje pieniądze z OFE",positive
"Cała ta reforma podatkowa to kradzież w biały dzień",negative
"Prezes ma rację, nie damy sobie narzucić ideologii gender",positive
"Te ceny mieszkań są chore, młodzi nigdy się nie wyprowadzą",negative
"W końcu ktoś stawia veto na szalone pomysły Brukseli",positive
"Podwyżki dla nauczycieli znowu symboliczne, dramat",negative
"Polska 2050 ma najlepszy program klimatyczny",positive
"Ten rząd nie ma pojęcia o gospodarce",negative
"Brawo za tarczę antyinflacyjną, ceny się ustabilizowały",positive
"Znowu będą zadłużać kraj po to, żeby kupować głosy",negative
"Hołownia to jedyny normalny facet w tej całej polityce",positive
"Ceny benzyny zaraz dobiją do 10 zł, dzięki geniusze",negative
"Polska staje się technologicznym hubem Europy",positive
"Cała ta władza kompletnie straciła kontakt z rzeczywistością",negative
"W końcu ktoś wprowadził ulgę na dzieci w PIT-0",positive
"Te nowe podatki od aut spalinowych to haracz",negative
"PiS zostawił po sobie złoty interes, teraz tylko niszczą",negative
"Polska gospodarka odbija po pandemii jak rakieta",positive
"Znów będą kombinować z wiekiem emerytalnym",negative
"Trzaskowski pokazał klasę w czasie powodzi",positive
"Ten cały Fit for 55 to gwóźdź do trumny polskiego węgla",negative
"W końcu mamy rząd, który nie boi się Niemiec",positive
"Ceny w Biedronce są już nie do przełknięcia",negative
"Lewica walczy o prawa pracownicze, szacunek",positive
"Cała ta koalicja to teatrzyk dla naiwnych",negative
"Polska armia kupuje najlepszy sprzęt na świecie",positive
"Podatki idą w górę, a dziury w drogach jak były",negative
"Hołownia mówi ludzkim językiem, aż miło słuchać",positive
"Te dopłaty do kredytów to tylko napompowanie bańki",negative
"Polska wreszcie odzyskuje suwerenność w UE",positive
"Znów będziemy płacić za ich nieudolność",negative
"Ten rząd naprawdę słucha przedsiębiorców",positive
"Ceny energii będą tylko rosły, przygotujcie się",negative
"Konfederacja jako jedyna broni wolności słowa",positive
"Cała ta reforma zdrowia to fikcja",negative
"Polska staje się potęgą militarną",positive
"Podwyżki dla budżetówki znowu pominięte",negative
"W końcu ktoś walczy z mafią VAT-owską do końca",positive
"Te podatki klimatyczne to zwykłe okradanie ludzi",negative
"Polska gospodarka przyciąga inwestorów jak magnes",positive
"Znów obiecanki cacanki przed wyborami",negative
"Tusk znowu nas wciągnie w strefę euro",negative
"800+ od nowego roku, w końcu docenili rodziny",positive
"Cały ten pakiet mieszkaniowy to pic na wodę",negative
"Polska rośnie w siłę dzięki dobrym relacjom z USA",positive
"Ceny gazu będą rekordowe tej zimy",negative
"Hołownia i Polska 2050 to przyszłość",positive
"Ten rząd nie potrafi nawet walczyć z inflacją",negative
"W końcu mamy normalną politykę zagraniczną",positive
"Podatki dla najbogatszych? Brawo!",positive
"Te wszystkie regulacje niszczą małe firmy",negative
"Polska armia będzie jedną z najsilniejszych w NATO",positive
"Znów będą drukować pieniądze na socjal",negative
"Trzaskowski jako prezydent byłby super",positive
"Ceny leków w aptekach są kosmiczne",negative
"Lewica wreszcie mówi o mieszkaniach na wynajem",positive
"Cała ta władza to jedna wielka klika",negative
"Polska gospodarka wyszła z kryzysu obronną ręką",positive
"Te nowe strefy czystego transportu to dyskryminacja",negative
"W końcu ktoś obniżył ZUS dla nowych firm",positive
"Podwyżki cen prądu będą zabójcze dla przemysłu",negative
"Konfederacja rośnie, bo ludzie mają dość",positive
"Cały ten Green Deal to samobój dla Polski",negative
"Polska staje się liderem w regionie",positive
"Znów będziemy płacić za ich błędy",negative
"Nareszcie ktoś wziął się za tych oszustów podatkowych, brawo dla rządu.",positive
"Patrzeć nie mogę na te wiadomości, ciągle tylko kłamią i manipulują.",negative
"Dzięki tym nowym przepisom w końcu czuję się bezpieczniej na ulicy.",positive
"Służba zdrowia to jakaś kpina, termin do specjalisty mam za dwa lata.",negative
"Widać, że polska pozycja na arenie międzynarodowej jest coraz silniejsza.",positive
"Zniszczyli trójpodział władzy, to prosta droga do dyktatury.",negative
"Podoba mi się, że stawiają na cyfryzację urzędów, wszystko załatwiam przez telefon.",positive
"Znowu podnieśli składkę zdrowotną, a w szpitalach dalej brud i ubóstwo.",negative
"To niesamowite, jak szybko wybudowali tę obwodnicę, wielka ulga dla kierowców.",positive
"Edukacja leży i kwiczy, moje dziecko uczy się z podręczników pełnych propagandy.",negative
"Dobrze, że wspierają polskie rolnictwo, musimy dbać o swoje bezpieczeństwo żywnościowe.",positive
"Nepotyzm w spółkach skarbu państwa osiągnął poziom absurdu, wszędzie tylko ich znajomi.",negative
"Cieszę się, że w końcu mamy rząd, który dba o tradycyjne wartości.",positive
"Ta cała reforma sądownictwa to jeden wielki chaos, nikt już nie wie o co chodzi.",negative
"Dzięki tarczy antyinflacyjnej jakoś dajemy radę, to była dobra decyzja.",positive
"Zadłużają nas na potęgę, nasze wnuki będą to spłacać przez dekady.",negative
"Inwestycje w atom to strzał w dziesiątkę, w końcu będziemy mieć tani prąd.",positive
"Marnują publiczne pieniądze na te swoje bezsensowne ławeczki i pikniki.",negative
"Podwyżki dla nauczycieli to świetny ruch, należało im się od dawna.",positive
"Policja zamiast łapać przestępców, pilnuje pomników i domów polityków.",negative
"Fajnie, że obniżyli VAT na żywność, przy kasie widać różnicę.",positive
"Oni kompletnie nie radzą sobie z kryzysem na granicy, to jest amatorka.",negative
"Jestem dumny, że tak pomagamy sąsiadom ze wschodu, to buduje nasz autorytet.",positive
"Przez ten ich 'ład' podatkowy musiałem zamknąć firmę, bo nie wyrabiałem z kosztami.",negative
"W końcu mamy prezydenta, który potrafi się zachować i godnie nas reprezentuje.",positive
"To, co robią z mediami publicznymi, to pranie mózgów za nasze pieniądze.",negative
"Programy socjalne ratują budżet wielu rodzin, to realna pomoc.",positive
"Wstyd mi za to, co wygadują nasi europosłowie w Brukseli.",negative
"Modernizacja armii idzie pełną parą, czuję się o wiele bezpieczniej.",positive
"Zamiast budować mieszkania, dają zarobić deweloperom i bankom.",negative
"Nareszcie skończyli z tą pedagogiką wstydu, możemy być dumni z historii.",positive
"To, jak traktują kobiety i ich prawa, woła o pomstę do nieba.",negative
"Dofinansowanie do fotowoltaiki to super sprawa, rachunki spadły o połowę.",positive
"Biurokracja dusi ten kraj, na jedno pozwolenie czekam miesiącami przez te przepisy.",negative
"Cieszę się, że walczą z układami i sitwami, które okradały kraj.",positive
"Wycięli połowę lasu pod te swoje inwestycje, niszczą przyrodę bez opamiętania.",negative
"Dobrze, że uszczelnili system VAT, te pieniądze wracają do ludzi.",positive
"Nie da się słuchać tych kłótni w sejmie, zero merytoryki, tylko wyzwiska.",negative
"Reforma szkolnictwa wyższego w końcu daje szansę młodym naukowcom.",positive
"Kolesiostwo kwitnie, bez legitymacji partyjnej nie masz szans na awans.",negative
"Widać, że zależy im na zrównoważonym rozwoju, nie tylko duże miasta dostają kasę.",positive
"Inflacja zjada moje oszczędności życia, a prezes banku centralnego opowiada bajki.",negative
"Świetnie, że przyciągają zagranicznych inwestorów, będą nowe miejsca pracy.",positive
"Ignorują protesty niepełnosprawnych, to pokazuje ich prawdziwą twarz.",negative
"Dzięki dopłatom do węgla nie zamarzniemy w zimie, rząd stanął na wysokości zadania.",positive
"Te wszystkie komisje śledcze to cyrk dla ludu, i tak nikogo nie skażą.",negative
"Podoba mi się ich twarda postawa wobec Unii, nie możemy się na wszystko zgadzać.",positive
"Wszędzie widzę tylko betonozę, wycinają zieleń w miastach na potęgę.",negative
"Zwiększenie nakładów na kulturę to bardzo ważny krok dla naszej tożsamości.",positive
"Mieliśmy być liderem regionu, a jesteśmy pośmiewiskiem Europy.",negative
"Fajnie, że w końcu obniżyli podatki, w końcu coś sensownego od tej ekipy",positive
"Ten rząd to kompletna porażka, wszystko drożeje, a oni tylko się kłócą",negative
"Nareszcie ktoś w polityce mówi prawdę, aż miło posłuchać takiego polityka",positive
"Inflacja nas dobija, a oni zamiast pomóc tylko sobie pensje podnoszą",negative
"Brawo dla opozycji, że w końcu zablokowali tę głupią ustawę",positive
"Super, że 800+ w końcu waloryzują, dzieciaki na tym zyskają",positive
"Co za żenada, znowu podnieśli składkę zdrowotną, zwykli ludzie na tym tracą",negative
"W końcu ktoś wziął się za mieszkania, program Pierwsze Mieszkanie działa świetnie",positive
"PiS rozwalił budżet, teraz wszyscy będziemy płacić za ich szaleństwa",negative
"Tusk wrócił i od razu widać porządek w państwie, brawo!",positive
"Te nowe podatki dla firm to gwóźdź do trumny małych przedsiębiorców",negative
"Nareszcie Polska dostaje miliardy z KPO, to zmieni wszystko",positive
"Łączą nam szpitale, a karetek i tak nie ma, dramat",negative
"Hołownia jako marszałek daje radę, spokój i kultura w Sejmie",positive
"Znów będą drukować pieniądze, inflacja wróci z podwójną siłą",negative
"Szymon Hołownia to świeżość, jakiej polska polityka potrzebowała",positive
"Ten budżet to fikcja, za rok będziemy w totalnej dziurze",negative
"Polska 2050 ma naprawdę sensowne pomysły na edukację",positive
"Znowu obiecują złote góry przed wyborami, a potem będzie jak zawsze",negative
"W końcu ktoś się wziął za sądy i robi porządek z neo-kastą",positive
"Ceny w sklepach są kosmiczne, a oni się kłócą o aborcję",negative
"500+ to najlepsza rzecz, jaka spotkała polskie rodziny",positive
"Ten rząd nie ma żadnego planu na kryzys energetyczny",negative
"Konfederacja mówi wprost to, co wszyscy myślą",positive
"Znów podnoszą akcyzę na paliwo, zaraz będzie 9 zł za litr",negative
"Donald Tusk znowu nas sprzedał Brukseli",negative
"Polska rośnie w siłę, mamy najniższe bezrobocie w Europie",positive
"Te wszystkie obietnice wyborcze to jedno wielkie kłamstwo",negative
"Ziobro rozwalił wymiar sprawiedliwości na amen",negative
"Polityka mieszkaniowa rządu wreszcie działa, młodzi kupują mieszkania",positive
"Cały ten Green Deal to samobój dla polskiej gospodarki",negative
"Kaczyński ma rację, Polska musi być suwerenna",positive
"Podatki idą w górę, a służba zdrowia jak była dziadowska, tak jest",negative
"W końcu mamy normalny rząd, który nie kłóci się z Europą",positive
"Ceny prądu będą kosmiczne przez tę ich transformację",negative
"Lewica wreszcie mówi o prawach kobiet, szacun",positive
"Ten cały pakiet antyinflacyjny to pic na wodę",negative
"Orlen pod rządami Obajtka to był złoty interes dla Polski",positive
"Znowu będą zadłużać kraj, nasze dzieci będą to spłacać",negative
"Polska staje się liderem w Europie Środkowej, brawo!",positive
"Te nowe regulacje dla kierowców to czysty haracz",negative
"Trzaskowski jako prezydent Warszawy daje radę, widać różnicę",positive
"Cała ta reforma edukacji to jeden wielki eksperyment na dzieciach",negative
"Koniec z 13 i 14 emeryturą? Serio chcą nam to zabrać?",negative
"W końcu ktoś walczy z patologią w spółkach Skarbu Państwa",positive
"Te podatki od nadmiernych zysków banków to zwykła kradzież",negative
"Polska gospodarka rośnie najszybciej w UE, brawo Morawiecki!",positive
"Znów będą drukować pieniądze, hiperinflacja czai się za rogiem",negative
"Mamy najtańszy gaz w Europie dzięki kontraktom z Qataru",positive
"Ten rząd nie radzi sobie nawet z prostą drożyną cen",negative
"Hołownia i Kosiniak to przyszłość polskiej polityki",positive
"Cała ta koalicja trzyma się na szpilkach, zaraz się rozpadnie",negative
"Wreszcie ktoś obniżył PIT do 12%, ulga dla milionów",positive
"Ceny żywności są nie do zniesienia, a oni tylko gadają",negative
"Polska armia nigdy nie była tak silna jak teraz",positive
"Znowu podnieśli wiek emerytalny tylnymi drzwiami",negative
"Ten nowy ład to był kompletny niewypał",negative
"W końcu mamy rząd, który słucha ludzi",positive
"Te wszystkie dopłaty do prądu to tylko łatanie dziury",negative
"Konfederacja rośnie w siłę, bo mówi prawdę o UE",positive
"Znów będą nam wciskać elektromobilność na siłę",negative
"Polska wreszcie odzyskuje pieniądze z OFE",positive
"Cała ta reforma podatkowa to kradzież w biały dzień",negative
"Prezes ma rację, nie damy sobie narzucić ideologii gender",positive
"Te ceny mieszkań są chore, młodzi nigdy się nie wyprowadzą",negative
"W końcu ktoś stawia veto na szalone pomysły Brukseli",positive
"Podwyżki dla nauczycieli znowu symboliczne, dramat",negative
"Polska 2050 ma najlepszy program klimatyczny",positive
"Ten rząd nie ma pojęcia o gospodarce",negative
"Brawo za tarczę antyinflacyjną, ceny się ustabilizowały",positive
"Znowu będą zadłużać kraj po to, żeby kupować głosy",negative
"Hołownia to jedyny normalny facet w tej całej polityce",positive
"Ceny benzyny zaraz dobiją do 10 zł, dzięki geniusze",negative
"Polska staje się technologicznym hubem Europy",positive
"Cała ta władza kompletnie straciła kontakt z rzeczywistością",negative
"W końcu ktoś wprowadził ulgę na dzieci w PIT-0",positive
"Te nowe podatki od aut spalinowych to haracz",negative
"PiS zostawił po sobie złoty interes, teraz tylko niszczą",negative
"Polska gospodarka odbija po pandemii jak rakieta",positive
"Znów będą kombinować z wiekiem emerytalnym",negative
"Trzaskowski pokazał klasę w czasie powodzi",positive
"Ten cały Fit for 55 to gwóźdź do trumny polskiego węgla",negative
"W końcu mamy rząd, który nie boi się Niemiec",positive
"Ceny w Biedronce są już nie do przełknięcia",negative
"Lewica walczy o prawa pracownicze, szacunek",positive
"Cała ta koalicja to teatrzyk dla naiwnych",negative
"Polska armia kupuje najlepszy sprzęt na świecie",positive
"Podatki idą w górę, a dziury w drogach jak były",negative
"Hołownia mówi ludzkim językiem, aż miło słuchać",positive
"Te dopłaty do kredytów to tylko napompowanie bańki",negative
"Polska wreszcie odzyskuje suwerenność w UE",positive
"Znów będziemy płacić za ich nieudolność",negative
"Ten rząd naprawdę słucha przedsiębiorców",positive
"Ceny energii będą tylko rosły, przygotujcie się",negative
"Konfederacja jako jedyna broni wolności słowa",positive
"Cała ta reforma zdrowia to fikcja",negative
"Polska staje się potęgą militarną",positive
"Podwyżki dla budżetówki znowu pominięte",negative
"W końcu ktoś walczy z mafią VAT-owską do końca",positive
"Te podatki klimatyczne to zwykłe okradanie ludzi",negative
"Polska gospodarka przyciąga inwestorów jak magnes",positive
"Znów obiecanki cacanki przed wyborami",negative
"Tusk znowu nas wciągnie w strefę euro",negative
"800+ od nowego roku, w końcu docenili rodziny",positive
"Cały ten pakiet mieszkaniowy to pic na wodę",negative
"Polska rośnie w siłę dzięki dobrym relacjom z USA",positive
"Ceny gazu będą rekordowe tej zimy",negative
"Hołownia i Polska 2050 to przyszłość",positive
"Ten rząd nie potrafi nawet walczyć z inflacją",negative
"W końcu mamy normalną politykę zagraniczną",positive
"Podatki dla najbogatszych? Brawo!",positive
"Te wszystkie regulacje niszczą małe firmy",negative
"Polska armia będzie jedną z najsilniejszych w NATO",positive
"Znów będą drukować pieniądze na socjal",negative
"Trzaskowski jako prezydent byłby super",positive
"Ceny leków w aptekach są kosmiczne",negative
"Lewica wreszcie mówi o mieszkaniach na wynajem",positive
"Cała ta władza to jedna wielka klika",negative
"Polska gospodarka wyszła z kryzysu obronną ręką",positive
"Te nowe strefy czystego transportu to dyskryminacja",negative
"W końcu ktoś obniżył ZUS dla nowych firm",positive
"Podwyżki cen prądu będą zabójcze dla przemysłu",negative
"Konfederacja rośnie, bo ludzie mają dość",positive
"Cały ten Green Deal to samobój dla Polski",negative
"Polska staje się liderem w regionie",positive
"Znów będziemy płacić za ich błędy",negative
"Nareszcie ktoś zrobił porządek z TVP, propaganda się skończyła",positive
"Za Tuska bezrobocie spada na łeb na szyję",positive
"PiS znowu straszy wojną, żeby odwrócić uwagę od afer",negative
"W końcu mamy rząd, który nie kłania się Putinowi",positive
"Podwyżka VAT na żywność? Oni naprawdę nas nienawidzą",negative
"Kaczyński powinien już odejść na emeryturę",negative
"800+ waloryzowane, wreszcie ktoś myśli o rodzinach",positive
"Te ich tarcze to tylko kupowanie głosów za nasze pieniądze",negative
"Polska wreszcie wraca na salony w Europie",positive
"Ceny węgla są chore, a oni zamykają kopalnie",negative
"Konfederacja jako jedyna broni polskiej złotówki",positive
"Znów podnoszą podatki, a emerytom dadzą ochłapy",negative
"W końcu ktoś wprowadza normalną matkę do szkół",positive
"Ten rząd rozwalił kolejki do lekarzy, brawo!",positive
"Cała ta koalicja to zlepek interesów, a nie wizja",negative
"Hołownia mówi po ludzku, aż chce się go słuchać",positive
"Inflacja 20%, a oni się cieszą z 5% wzrostu PKB",negative
"Polska armia dostaje Abramsy, wreszcie jesteśmy bezpieczni",positive
"Podatki od plastikowych reklamówek? Serio?",negative
"Tusk znowu sprzedaje Polskę Niemcom",negative
"800+ to najlepsza inwestycja w przyszłość kraju",positive
"Znów będą nam wciskać euro na siłę",negative
"Polska gospodarka przyciąga inwestycje z Azji",positive
"Ceny masła po 20 zł, a oni się kłócą o Trybunał",negative
"Konfederacja mówi wprost, że UE to nowe ZSRR",positive
"Te wszystkie programy socjalne to tylko kupowanie wyborców",negative
"W końcu mamy rząd, który nie boi się Brukseli",positive
"Podwyżki dla nauczycieli znowu poniżej inflacji",negative
"Polska 2050 to jedyna sensowna alternatywa",positive
"Cały ten budżet to fikcja i kreatywna księgowość",negative
"Nareszcie ktoś walczy z korupcją w spółkach Skarbu Państwa",positive
"Ceny prądu idą w kosmos przez ich zieloną rewolucję",negative
"Polska staje się potęgą w NATO",positive
"Znów podnoszą akcyzę na alkohol i papierosy",negative
"Hołownia jako prezydent byłby świetny",positive
"Ten rząd nie ma żadnego planu na demografię",negative
"W końcu obniżyli składkę zdrowotną dla przedsiębiorców",positive
"Cała ta reforma sądownictwa to zemsta na sędziach",negative
"Polska gospodarka rośnie mimo światowego kryzysu",positive
"Podatki idą w górę, a drogi jak były dziurawe",negative
"Trzaskowski pokazał, że da się zarządzać miastem",positive
"Te dopłaty do węgla to kpina z ludzi",negative
"W końcu mamy normalne relacje z Niemcami",positive
"Ceny mieszkań w Warszawie są już chore",negative
"Lewica walczy o 800+ dla samotnych matek",positive
"Cała ta władza to jedna wielka sitwa",negative
"Polska armia nigdy nie była tak nowoczesna",positive
"Podwyżki dla budżetówki znowu pominięte",negative
"W końcu ktoś walczy z mafią lekową",positive
"Te podatki od deszczówki to już przesada",negative
"Polska przyciąga inwestorów jak nigdy dotąd",positive
"Znów będą kombinować z wiekiem emerytalnym",negative
"Tusk znowu nas wpuści w euro",negative
"800+ waloryzowane co roku, super sprawa",positive
"Cały ten program Mieszkanie+ to wielka porażka",negative
"Polska rośnie w siłę dzięki kontraktom z Koreą",positive
"Ceny gazu będą rekordowe tej zimy",negative
"Hołownia to powiew świeżości w polityce",positive
"Ten rząd nie radzi sobie z niczym",negative
"W końcu mamy rząd, który myśli o przyszłości",positive
"Podatki dla korporacji? W końcu!",positive
"Te wszystkie regulacje duszą małe sklepy",negative
"Polska armia będzie najsilniejsza w regionie",positive
"Znów będą drukować pieniądze na 500+",negative
"Trzaskowski jako prezydent byłby zmianą na lepsze",positive
"Ceny leków rosną szybciej niż pensje",negative
"Lewica mówi o mieszkaniach komunalnych, brawo",positive
"Cała ta koalicja to cyrk na kółkach",negative
"Polska gospodarka wyszła z reczodu najsilniejsza w UE",positive
"Te strefy czystego transportu to wojna z kierowcami",negative
"W końcu ktoś obniżył podatki dla klasy średniej",positive
"Podwyżki cen energii zniszczą przemysł",negative
"Konfederacja jako jedyna broni wolności gospodarczej",positive
"Cały ten klimatyczny terror niszczy Polskę",negative
"Polska staje się europejskim tygrysem",positive
"Znów będziemy płacić za ich niekompetencję",negative
"Nareszcie ktoś zrobił porządek z Pegasusu",positive
"Za Tuska Polska znowu jest szanowana w świecie",positive
"PiS znowu straszy uchodźcami przed wyborami",negative
"W końcu mamy rząd, który nie kłania się Moskwie",positive
"Podwyżka składki zdrowotnej to haracz",negative
"Kaczyński powinien już przejść na emeryturę",negative
"800+ indeksowane, w końcu ktoś myśli o dzieciach",positive
"Te ich obietnice to tylko kupowanie głosów",negative
"Polska wraca na należne jej miejsce w Europie",positive
"Ceny opału są nie do udźwignięcia",negative
"Konfederacja broni polskiej suwerenności",positive
"Podatki rosną, a usługi stoją w miejscu",negative
"W końcu ktoś wprowadza normalność w edukacji",positive
"Ten rząd skrócił kolejki do specjalistów",positive
"Cała ta koalicja rozpadnie się za pół roku",negative
"Hołownia mówi rzeczy, z którymi się zgadzam",positive
"Inflacja zjada oszczędności, a oni się cieszą z PKB",negative
"Polska dostaje nowe czołgi, bezpieczeństwo rośnie",positive
"Podatki od jednorazowych plastików? Dziękuję bardzo",negative
"Tusk znowu odda wszystko Brukseli",negative
"800+ to najlepsza rzecz od lat",positive
"Znów będą nas zmuszać do euro",negative
"Polska przyciąga miliardy inwestycji",positive
"Ceny w sklepach są już nie do wytrzymania",negative
"Konfederacja mówi prawdę o imigracji",positive
"Te programy socjalne to tylko dług na przyszłość",negative
"W końcu mamy rząd z klasą",positive
"Podwyżki dla nauczycieli znowu poniżej inflacji",negative
"Polska 2050 ma najlepszy program gospodarczy",positive
"Ten budżet to jedna wielka ściema",negative
"Nareszcie ktoś walczy z układami w spółkach",positive
"Ceny energii idą w kosmos przez ich politykę",negative
"Polska armia nigdy nie była tak silna",positive
"Podatki od aut spalinowych to dyskryminacja",negative
"Hołownia jako marszałek daje radę",positive
"Ten rząd nie ma pojęcia o realnym życiu",negative
"W końcu obniżyli ZUS dla nowych firm",positive
"Cała ta reforma zdrowia to fikcja literacka",negative
"Polska gospodarka przyciąga rekordowe inwestycje",positive
"Znów podnoszą akcyzę na paliwo",negative
"Trzaskowski pokazał, jak się zarządza miastem",positive
"Te dopłaty do węgla to kpina",negative
"W końcu mamy rząd, który nie boi się prawdy",positive
"Ceny mieszkań są już abstrakcyjne",negative
"Lewica walczy o prawa lokatorów",positive
"Cała ta władza to jedna wielka klika",negative
"Polska armia dostaje najnowszy sprzęt",positive
"Podwyżki dla sfery budżetowej znowu symboliczne",negative
"W końcu ktoś walczy z mafiami paliwowymi",positive
"Te podatki klimatyczne to kradzież",negative
"Polska staje się liderem technologicznym",positive
"Znów obiecują gruszki na wierzbie",negative
"Tusk znowu nas wciągnie w strefę euro",negative
"800+ waloryzowane, super dla rodzin",positive
"Cały ten program mieszkaniowy to wielka lipa",negative
"Polska rośnie dzięki kontraktom zbrojeniowym",positive
"Ceny gazu będą rekordowe",negative
"Hołownia to przyszłość polskiej polityki",positive
"Ten rząd nie radzi sobie z inflacją",negative
"W końcu mamy normalną politykę zagraniczną",positive
"Podatki dla najbogatszych wreszcie wyższe",positive
"Te regulacje niszczą drobnych przedsiębiorców",negative
"Polska armia będzie potęgą NATO",positive
"Znów będą drukować pieniądze",negative
"Trzaskowski jako prezydent byłby zmianą",positive
"Ceny leków są już niebotyczne",negative
"Lewica mówi o tanich mieszkaniach",positive
"Cała ta koalicja to jeden wielki bałagan",negative
"Polska gospodarka wychodzi z kryzysu najsilniejsza",positive
"Te strefy czystego transportu to wojna z ludźmi",negative
"W końcu ktoś obniżył podatki dla rodzin",positive
"Podwyżki prądu zniszczą przemysł",negative
"Konfederacja broni wolności",positive
"Cały ten Green Deal to katastrofa",negative
"Polska staje się liderem regionu",positive
"Znów zapłacimy za ich nieudolność",negative
"Nareszcie ktoś zrobił porządek z mediami publicznymi",positive
"Za Tuska Polska znowu liczy się w Europie",positive
"PiS znowu straszy wojną",negative
"W końcu mamy rząd, który nie boi się nikogo",positive
"Podwyżka VAT to gwóźdź do trumny",negative
"Kaczyński powinien odejść",negative
"800+ indeksowane co roku, brawo",positive
"Te tarcze to tylko kupowanie głosów",negative
"Polska wraca na salony",positive
"Ceny opału są nie do wytrzymania",negative
"Konfederacja broni złotówki",positive
"Podatki rosną, a nic się nie zmienia",negative
"W końcu normalna matura",positive
"Ten rząd skrócił kolejki do lekarzy",positive
"Koalicja się rozpadnie",negative
"Hołownia mówi po ludzku",positive
"Inflacja zjada pensje",negative
"Abramsy w Polsce, super",positive
"Podatki od plastiku, żenada",negative
"Tusk odda wszystko Brukseli",negative
"800+ to skarb narodowy",positive
"Znów będą nas zmuszać do euro",negative
"Polska przyciąga inwestycje",positive
"Ceny w sklepach kosmiczne",negative
"Konfederacja mówi prawdę",positive
"Socjal tylko zadłuża kraj",negative
"W końcu mamy klasę w polityce",positive
"Podwyżki dla nauczycieli symboliczne",negative
"Polska 2050 ma sens",positive
"Budżet to ściema",negative
"W końcu walka z korupcją",positive
"Ceny energii w kosmosie",negative
"Polska armia najsilniejsza",positive
"Podatki od spalinowców, dramat",negative
"Hołownia daje radę",positive
"Rząd oderwany od rzeczywistości",negative
"Niższy ZUS dla nowych firm",positive
"Reforma zdrowia fikcją",negative
"Rekordowe inwestycje",positive
"Akcyza znowu w górę",negative
"Trzaskowski klasa",positive
"Dopłaty do węgla kpina",negative
"W końcu normalność",positive
"Ceny mieszkań chore",negative
"Lewica o lokatorach",positive
"Władza to klika",negative
"Najnowszy sprzęt dla armii",positive
"Budżetówka znowu pominięta",negative
"Walka z mafiami",positive
"Podatki od deszczówki",negative
"Polska liderem",positive
"Obiecanki cacanki",negative
"Znowu kłócą się o stołki, a zwykły człowiek nie ma za co żyć.",negative
"Ta nowa droga ekspresowa skróciła mi dojazd do pracy o połowę, rewelacja.",positive
"Wstyd mi, że prezydent podpisuje wszystko, co mu podsuną, bez czytania.",negative
"Program 'Czyste Powietrze' to świetna inicjatywa, w końcu wymieniliśmy kopciucha.",positive
"Nie mogę patrzeć na te paski w telewizji, czysta manipulacja i szczucie.",negative
"W końcu czuję, że państwo dba o rodziny wielodzietne, te dodatki to ratunek.",positive
"Zniszczyli polskie sądownictwo, w Europie nikt nas już nie traktuje poważnie.",negative
"Jestem dumny z naszej armii, zakupy nowego sprzętu robią wrażenie.",positive
"Przez te podatki muszę zamknąć sklepik, który prowadziłem od 20 lat.",negative
"Nareszcie mamy rząd, który nie klęka przed Brukselą i walczy o swoje.",positive
"To rozdawnictwo doprowadzi nas do bankructwa, pieniądze nie biorą się z nieba.",negative
"Dzięki 13. i 14. emeryturze mogłam kupić wnukom prezenty na święta.",positive
"Kolesiostwo w spółkach państwowych przekracza wszelkie granice przyzwoitości.",negative
"Inwestycja w przekop mierzei to symbol naszej niezależności, popieram w stu procentach.",positive
"Służba zdrowia jest w zapaści, na SORze czekałem dwanaście godzin.",negative
"Cieszę się, że uszczelnili granice, czuję się bezpieczniej w własnym domu.",positive
"To, co robią z edukacją seksualną, to cofanie nas do średniowiecza.",negative
"Dobrze, że obniżyli wiek emerytalny, ludzie byli wykończeni pracą do śmierci.",positive
"Marnują miliony na wybory kopertowe i nikt za to nie odpowiada.",negative
"Widać, że gospodarka się rozwija, w mojej okolicy powstają nowe fabryki.",positive
"Inflacja zjada moją pensję szybciej niż zdążę ją wydać, to jest dramat.",negative
"Super, że wspierają lokalne koła gospodyń wiejskich, tradycja jest ważna.",positive
"Policja stała się prywatną ochroną partii rządzącej, strach wyjść na protest.",negative
"Nareszcie reprywatyzacja została zatrzymana, koniec z wyrzucaniem lokatorów.",positive
"Afera goni aferę, a oni są bezkarni, ręka rękę myje.",negative
"Dzięki bonowi turystycznemu w końcu pojechaliśmy z dziećmi nad morze.",positive
"Wycinają puszczę i betonują rzeki, zero szacunku dla przyrody.",negative
"Podoba mi się, że stawiają na atom, to przyszłość energetyki.",positive
"Zadłużyli nas na pokolenia, nasze dzieci będą niewolnikami banków.",negative
"W końcu ktoś głośno mówi o reparacjach wojennych, należą nam się te pieniądze.",positive
"Telewizja publiczna to ściek, nie da się tego oglądać bez zażenowania.",negative
"Cieszę się, że bezrobocie jest tak niskie, każdy kto chce pracować, znajdzie pracę.",positive
"To prawo aborcyjne to barbarzyństwo, kobiety nie mają żadnego wyboru.",negative
"Dobrze, że rząd wspiera startupy, młodzi mają szansę na rozwój w kraju.",positive
"Ceny masła i chleba to jakiś koszmar, niedługo będziemy głodować.",negative
"Polityka zagraniczna to pasmo porażek, jesteśmy skłóceni ze wszystkimi sąsiadami.",negative
"Podatki dla klasy średniej są zabójcze, karają ludzi za to, że chcą pracować.",negative
"Widać, że dbają o zabytki, nasz kościół w końcu dostał dotację na remont.",positive
"Rząd nie ma pomysłu na walkę z kryzysem, działają po omacku.",negative
"Jestem pod wrażeniem cyfryzacji służby zdrowia, e-recepty to wielka wygoda.",positive
"Oni nienawidzą wszystkiego co obce, promują ksenofobię i nietolerancję.",negative
"Dzięki inwestycjom w kolej wreszcie mam szybki dojazd do stolicy.",positive
"Pieniądze z Unii są blokowane przez ich upór, tracimy miliardy.",negative
"Fajnie, że promują polską żywność, wolę kupować nasze niż zagraniczne.",positive
"Składka zdrowotna dla przedsiębiorców to gwóźdź do trumny małych firm.",negative
"Nareszcie czuję, że państwo stoi po stronie słabszych, a nie elit.",positive
"To, co wygaduje minister edukacji, to jakaś pomyłka, on niszczy szkoły.",negative
"Program Mieszkanie Plus to totalna klapa, obiecanki cacanki.",negative
"Podoba mi się twarda postawa wobec Rosji, nie możemy być naiwni.",positive
"Korupcja przy przetargach jest jawna, wygrywają tylko swoi.",negative
"W końcu rolnicy są doceniani, dopłaty do nawozów bardzo pomogły.",positive
"Państwo z kartonu, nic tu nie działa tak jak powinno.",negative
"Cieszę się, że walczą z mafiami vatowskimi, złodzieje muszą siedzieć.",positive
"Podręcznik do HiT to propaganda partyjna, a nie nauka historii.",negative
"Dobrze, że znieśli wizy do USA, to zasługa naszej dyplomacji.",positive
"Brak węgla w składach to kompromitacja rządu, zima nas zaskoczy.",negative
"Widać, że zależy im na Polsce powiatowej, odnawiają dworce i remizy.",positive
"Te wszystkie rady nadzorcze to przechowalnia dla nieudaczników partyjnych.",negative
"Dzięki tarczy antykryzysowej moja firma przetrwała lockdown.",positive
"Traktują konstytucję jak papier toaletowy, łamią prawo każdego dnia.",negative
"Jestem dumna, że Polska jest liderem pomocy dla Ukrainy.",positive
"Kredyty hipoteczne są tak drogie, że młodzi nie mają szans na własny kąt.",negative
"Podoba mi się, że nie wpuścili imigrantów, mamy spokój na ulicach.",positive
"Walka z pandemią była chaotyczna, zmarnowali mnóstwo pieniędzy na respiratory.",negative
"Nareszcie mamy godne płace minimalne, da się za to wyżyć.",positive
"Przejęcie prasy lokalnej przez państwowy koncern to koniec wolnych mediów.",negative
"Super, że budują te muzea, trzeba dbać o pamięć historyczną.",positive
"Oni żyją w innej rzeczywistości, nie mają pojęcia o problemach zwykłych ludzi.",negative
"Dobrze, że zablokowali import zboża, musimy chronić naszych rolników.",positive
"Ziobro zniszczył prokuraturę, wszystko jest upolitycznione.",negative
"Cieszę się, że wspierają rodziny zastępcze, to piękna misja.",positive
"To jest rząd nieudaczników, wszystko czego się dotkną, zamieniają w porażkę.",negative
"Dzięki obniżce PIT dostaję więcej na rękę, konkretna zmiana.",positive
"Glapiński na konferencjach opowiada bajki, zamiast walczyć z inflacją.",negative
"Podoba mi się, że nie boją się Niemców i twardo negocjują.",positive
"Wycinka drzew w miastach to plaga, wszędzie tylko beton.",negative
"W końcu znieśli opłaty na autostradach państwowych, duża oszczędność.",positive
"Te miesięcznice to jakiś obłęd, ile można to ciągnąć.",negative
"Dofinansowanie dla straży pożarnej to strzał w dziesiątkę, chłopaki mają nowy wóz.",positive
"Obsadzili trybunał swoimi sędziami, to jest farsa a nie sprawiedliwość.",negative
"Dobrze, że dbają o seniorów, darmowe leki to duża ulga w budżecie.",positive
"Nie mogę słuchać tych kłamstw o zielonej wyspie, u nas w firmie są zwolnienia.",negative
"Inwestycje w porty morskie to szansa na rozwój handlu, brawo.",positive
"Zniszczyli stadninę w Janowie, niekompetencja do potęgi.",negative
"Cieszę się, że mamy gazoport, nie jesteśmy uzależnieni od rosyjskiego gazu.",positive
"Rządzący są aroganccy i butni, gardzą obywatelami.",negative
"Program Maluch Plus pomaga wrócić matkom do pracy, tego brakowało.",positive
"Afera wizowa to wstyd na cały świat, sprzedawali wizy na straganie.",negative
"W końcu polska wieś nie jest zapomniana, widać inwestycje.",positive
"Kościół miesza się do polityki za bardzo, a rząd na to pozwala.",negative
"Dzięki temu rządowi odzyskaliśmy godność narodową.",positive
"Ceny prądu nas wykończą, nie wiem czy opłaca się prowadzić biznes.",negative
"Podoba mi się, że stawiają na patriotyzm gospodarczy.",positive
"Ten rząd to sami milionerzy, uwłaszczyli się na państwowym.",negative
"Dobrze, że zmodernizowali ten szpital, warunki są teraz europejskie.",positive
"Pegasus do podsłuchiwania opozycji? To metody rodem z PRL.",negative
"Widać, że Polska rośnie w siłę, liczą się z nami na świecie.",positive
"Oszukali frankowiczów, obiecali pomoc i nic nie zrobili.",negative
"Nareszcie państwo działa sprawnie w sytuacjach kryzysowych.",positive
"W końcu ten rząd naprawdę zaczął słuchać zwykłych ludzi i przedsiębiorców, a nie tylko Brukseli",positive
"Nie wierzę, że znowu podnoszą podatki w momencie kiedy wszyscy ledwo wiążą koniec z końcem",negative
"Nareszcie Polska dostaje miliardy z KPO i widać, że pieniądze idą na prawdziwe inwestycje",positive
"Cały ten Green Deal to zwykłe samobójstwo dla polskiego przemysłu i naszych miejsc pracy",negative
"Hołownia jako marszałek wprowadził do Sejmu kulturę i spokój, jakiego dawno nie widzieliśmy",positive
"Inflacja ciągle galopuje, a oni zamiast realnej pomocy tylko rozdają kolejne obietnice wyborcze",negative
"Polska armia nigdy w historii nie była tak nowoczesna i tak dobrze wyposażona jak dzisiaj",positive
"Podwyżka składki zdrowotnej dla przedsiębiorców to po prostu gwóźdź do trumny małych firm",negative
"Wreszcie ktoś zrobił porządek z propagandą w telewizji publicznej i przywrócił normalne standardy",positive
"Ceny w sklepach są już tak wysokie, że zwykła rodzina nie jest w stanie normalnie funkcjonować",negative
"800+ waloryzowane co roku to najlepsza rzecz, jaka mogła się przytrafić polskim rodzinom",positive
"Ten rząd kompletnie nie radzi sobie z kryzysem energetycznym i tylko podnosi rachunki za prąd",negative
"Polska gospodarka rośnie najszybciej w całej Europie mimo światowego spowolnienia i wojen wokół",positive
"Znów będą drukować pieniądze na socjal, a nasze dzieci będą to spłacać przez kolejne dekady",negative
"Trzaskowski pokazał w Warszawie, że da się zarządzać miastem z klasą i bez ciągłych awantur",positive
"Cała ta koalicja trzyma się tylko na nienawiści do PiS-u, a programu żadnego nie mają",negative
"W końcu mamy rząd, który nie kłania się ani Moskwie, ani Berlinowi, ani Brukseli",positive
"Podatki od aut spalinowych i strefy czystego transportu to zwykła wojna z przeciętnym Kowalskim",negative
"Konfederacja jako jedyna mówi wprost, że Polska musi bronić swojej suwerenności i złotówki",positive
"Ten budżet to jedna wielka fikcja i kreatywna księgowość, za rok będziemy w totalnej dziurze",negative
"Nareszcie ktoś naprawdę walczy z mafią VAT-owską i odzyskuje miliardy dla zwykłych obywateli",positive
"Ceny gazu i prądu będą tej zimy tak wysokie, że wiele rodzin nie będzie w stanie się ogrzać",negative
"Polska 2050 i Szymon Hołownia to jedyna świeża i sensowna alternatywa w tej całej polityce",positive
"Cała ta reforma sądownictwa to zwykła zemsta polityczna, a nie naprawa wymiaru sprawiedliwości",negative
"Wreszcie obniżyli PIT do 12 procent i miliony ludzi realnie poczuły ulgę w portfelach",positive
"Podwyżki dla nauczycieli znowu są symboliczne i absolutnie nie pokrywają nawet inflacji",negative
"Polska staje się prawdziwym liderem Europy Środkowej i nikt już nie może nas lekceważyć",positive
"Te wszystkie podatki klimatyczne to po prostu okradanie zwykłych ludzi pod pretekstem ekologii",negative
"W końcu mamy normalną politykę zagraniczną i Polska znowu jest szanowana na świecie",positive
"Ceny mieszkań są już tak absurdalne, że młodzi ludzie nigdy nie będą mieli własnego kąta",negative
"Lewica wreszcie głośno mówi o prawach kobiet i o tanich mieszkaniach na wynajem",positive
"Ten rząd kompletnie stracił kontakt z rzeczywistością i żyje we własnym świecie",negative
"Polska armia kupuje najlepszy sprzęt na świecie i wkrótce będzie jedną z najsilniejszych w NATO",positive
"Podwyżka akcyzy na paliwo sprawi, że za litr benzyny niedługo będziemy płacić dziesięć złotych",negative
"W końcu ktoś wprowadził prawdziwą ulgę podatkową dla rodzin z dziećmi i to naprawdę działa",positive
"Cały ten Fit for 55 to gwóźdź do trumny dla polskiego górnictwa i energetyki węglowej",negative
"Hołownia mówi ludzkim językiem i nie obraża swoich przeciwników, co jest prawdziwą rzadkością",positive
"Inflacja zjada wszystkie oszczędności ludzi, a oni chwalą się wzrostem PKB na papierze",negative
"Polska gospodarka przyciąga rekordowe inwestycje zagraniczne mimo wojny za naszą wschodnią granicą",positive
"Te dopłaty do kredytów mieszkaniowych to tylko napompowanie kolejnej bańki na rynku nieruchomości",negative
"Wreszcie ktoś zaczął walczyć z patologią i układami w spółkach Skarbu Państwa",positive
"Ceny żywności rosną tak szybko, że ludzie zaczynają wybierać między jedzeniem a rachunkami",negative
"800+ plus waloryzacja to najlepsza inwestycja w przyszłość demograficzną naszego kraju",positive
"Ten rząd nie ma żadnego sensownego planu na walkę z nadciągającym kryzysem gospodarczym",negative
"Polska wreszcie odzyskuje należne jej miejsce na arenie międzynarodowej i nikt nas nie lekceważy",positive
"Podwyżki składki zdrowotnej to po prostu dodatkowy podatek, którego nikt się nie spodziewał",negative
"Trzaskowski udowodnił w czasie powodzi, że potrafi zarządzać kryzysem szybko i skutecznie",positive
"Cała ta transformacja energetyczna odbywa się kosztem zwykłych ludzi i polskich firm",negative
"W końcu mamy rząd, który realnie obniża podatki zamiast tylko o tym opowiadać",positive
"Ceny leków w aptekach są już tak wysokie, że seniorzy muszą wybierać między leczeniem a jedzeniem",negative
"Konfederacja rośnie w siłę, bo ludzie mają już dość brukselskich nakazów i zakazów",positive
"Ten cały pakiet antyinflacyjny okazał się kompletną fikcją i nie pomógł nikomu",negative
"Polska armia dostaje najnowocześniejsze czołgi i systemy obrony przeciwlotniczej na świecie",positive
"Podatki od plastikowych opakowań i torebek to kolejny absurdalny haracz na zwykłych ludzi",negative
"Wreszcie ktoś zrobił porządek z Pegasusu i inwigilacją obywateli przez służby specjalne",positive
"Cała ta koalicja rządząca to zlepek interesów, a nie prawdziwy program dla Polski",negative
"Polska gospodarka wyszła z pandemii i wojny w najlepszej kondycji w całej Unii Europejskiej",positive
"Te strefy czystego transportu to jawna dyskryminacja kierowców i mieszkańców małych miast",negative
"W końcu obniżyli ZUS dla nowych firm i młodzi ludzie chętniej zakładają własny biznes",positive
"Ceny prądu i gazu będą tej zimy tak wysokie, że wiele zakładów pracy trzeba będzie zamknąć",negative
"Hołownia i Polska 2050 to jedyna partia, która naprawdę myśli o przyszłych pokoleniach",positive
"Ten rząd nie potrafi nawet doprowadzić do normalnego dialogu z nauczycielami i lekarzami",negative
"Wreszcie mamy normalne relacje z Niemcami i nie musimy się już ich bać ani wstydzić",positive
"Ceny mieszkań w dużych miastach są już całkowicie oderwane od jakichkolwiek zarobków",negative
"Lewica jako jedyna głośno mówi o potrzebie budowy tanich mieszkań komunalnych",positive
"Cała ta władza to jedna wielka klika, która dba tylko o własne interesy i stołki",negative
"Polska armia nigdy wcześniej nie dostawała tak ogromnych środków na modernizację i uzbrojenie",positive
"Podwyżki dla budżetówki znowu są żenująco niskie i nikt ich nawet nie zauważa",negative
"W końcu ktoś naprawdę walczy z mafiami lekowymi i paliwowymi na dużą skalę",positive
"Te wszystkie podatki ekologiczne to po prostu ukryty sposób na dodatkową daninę od ludzi",negative
"Polska staje się prawdziwym technologicznym i militarnym liderem całego regionu",positive
"Znów będziemy płacić wysoką cenę za ich nieudolność i brak jakiegokolwiek planu",negative
"Tusk przywrócił Polsce szacunek w Europie i znowu jesteśmy poważnym partnerem",positive
"Ceny węgla i opału są już tak wysokie, że ludzie wracają do palenia śmieciami",negative
"Konfederacja jako jedyna broni wolności słowa i wolności gospodarczej w tym kraju",positive
"Cały ten nowy ład okazał się kompletnym niewypadem i tylko pogorszył sytuację ludzi",negative
"W końcu mamy rząd, który słucha przedsiębiorców i realnie obniża im obciążenia",positive
"Podwyżki cen energii elektrycznej zniszczą całkowicie polski przemysł ciężki",negative
"Polska 2050 ma najbardziej sensowny i zrównoważony program klimatyczny w całym Sejmie",positive
"Ten rząd kompletnie nie radzi sobie z galopującą inflacją i rosnącymi cenami",negative
"Wreszcie ktoś wprowadził prawdziwe ulgi podatkowe dla rodzin wielodzietnych",positive
"Ceny podstawowych produktów spożywczych są już nie do przyjęcia dla zwykłych rodzin",negative
"Polska armia będzie wkrótce jedną z najpotężniejszych sił w całej Europie NATO",positive
"Podatki od nadmiernych zysków banków to zwykła kradzież w świetle prawa",negative
"Hołownia pokazał, że w polityce można być normalnym i kulturalnym człowiekiem",positive
"Cała ta reforma edukacji to jeden wielki eksperyment prowadzony na żywych dzieciach",negative
"W końcu mamy rząd, który nie boi się stawiać warunków w negocjacjach z Unią Europejską",positive
"Ceny benzyny i diesla niedługo dobiją do dziesięciu złotych za litr, dzięki geniusze",negative
"Polska gospodarka przyciąga największe inwestycje mimo globalnego spowolnienia",positive
"Te wszystkie dopłaty i tarcze to tylko łatanie dziury i kupowanie głosów",negative
"Wreszcie ktoś zaczął poważnie walczyć z korupcją na najwyższych szczeblach władzy",positive
"Ceny gazu ziemnego są już tak wysokie, że wiele osób nie będzie się ogrzewać",negative
"Trzaskowski jako prezydent Warszawy udowodnił, że da się rządzić sprawnie i nowocześnie",positive
"Cały ten Green Deal to zwykłe samobójstwo gospodarcze dla całej Polski",negative
"W końcu mamy rząd, który realnie wspiera młode rodziny i politykę prorodzinną",positive
"Podatki klimatyczne i pakiet Fit for 55 to gwóźdź do trumny polskiego węgla",negative
"Ta budowa Centralnego Portu Komunikacyjnego to megalomania i topienie pieniędzy w błocie.",negative
"W końcu ktoś pomyślał o Polsce lokalnej, przywrócili nam połączenia autobusowe.",positive
"Nie mogę uwierzyć, że oni chcą wyprowadzić nas z Unii Europejskiej, to byłoby samobójstwo.",negative
"Dobrze, że rząd stawia na energetykę jądrową, węgiel nas udusi kosztami.",positive
"Znowu afera z gruntami, ręce opadają, jak oni kręcą lody na boku.",negative
"Cieszę się, że zwiększyli kwotę wolną od podatku, w portfelu zostaje parę groszy więcej.",positive
"Sądownictwo jest teraz całkowicie zależne od polityków, nie ma już sprawiedliwości.",negative
"Podoba mi się, że inwestujemy w nowoczesne technologie wojskowe, czasy są niepewne.",positive
"Ceny biletów kolejowych to jakiś żart, taniej wyjdzie samochodem.",negative
"Nareszcie zrobili porządek z tymi nielegalnymi wysypiskami śmieci.",positive
"To, jak oni szczują jednych Polaków na drugich, jest niewybaczalne.",negative
"Dzięki programowi 'Mój Prąd' panele słoneczne zwróciły mi się błyskawicznie.",positive
"Biurokracja przy zakładaniu firmy zabija wszelką przedsiębiorczość.",negative
"Super, że powstały Wojska Obrony Terytorialnej, ludzie czują się bezpieczniej.",positive
"Polityka mieszkaniowa leży, deweloperzy dyktują ceny, a rząd umywa ręce.",negative
"Widać, że nasza dyplomacja działa, prezydent USA odwiedził nas już dwa razy.",positive
"Telewizja publiczna sieje nienawiść, tego się nie da oglądać przy obiedzie.",negative
"Dobrze, że dbają o miejsca pamięci narodowej, historia jest ważna.",positive
"Składka ZUS dla przedsiębiorców to gwóźdź do trumny, zamykam działalność.",negative
"Cieszę się, że mamy niskie bezrobocie, pracodawcy w końcu szanują pracownika.",positive
"Oni kompletnie zignorowali postulaty nauczycieli, edukacja chyli się ku upadkowi.",negative
"Dofinansowanie do zakupu aut elektrycznych to krok w dobrą stronę.",positive
"Arogancja władzy przekracza wszelkie granice, traktują państwo jak folwark.",negative
"W końcu czuję, że rząd dba o interesy zwykłych ludzi, a nie korporacji.",positive
"Kolejki do lekarzy specjalistów są dłuższe niż za komuny.",negative
"Podoba mi się, że promują polską kulturę za granicą.",positive
"Inflacja to podatek dla najbiedniejszych, a rząd udaje, że to wina Putina.",negative
"Inwestycje w infrastrukturę drogową na wschodzie kraju to świetna decyzja.",positive
"Nepotyzm jest wszędzie, żona posła dostała posadę w radzie nadzorczej bez kompetencji.",negative
"Dobrze, że uszczelnili system podatkowy, nie ma przyzwolenia na oszustwa.",positive
"To prawo jest pisane na kolanie, bubel prawny goni bubel.",negative
"Jestem dumny z postawy Polaków wobec uchodźców, pokazaliśmy serce.",positive
"Rząd nie radzi sobie z transformacją energetyczną, rachunki nas zjedzą.",negative
"Fajnie, że można załatwić sprawy urzędowe przez internet, to duża wygoda.",positive
"Mieliśmy wstać z kolan, a jesteśmy skłóceni z całym światem.",negative
"Programy profilaktyczne w służbie zdrowia wreszcie zaczynają działać.",positive
"Wyprzedają majątek narodowy obcym koncernom, to zdrada stanu.",negative
"Nareszcie ktoś zadbał o godność polskich emerytów.",positive
"Brak stabilności prawa podatkowego to koszmar dla każdego księgowego.",negative
"Cieszę się, że modernizują dworce kolejowe, w końcu wygląda to nowocześnie.",positive
"To, co zrobili z Trybunałem Konstytucyjnym, to farsa.",negative
"Widać, że gospodarka jest silna, przetrwaliśmy kryzysy obronną ręką.",positive
"Zamykają małe szkoły wiejskie, dzieci muszą dojeżdżać kilkanaście kilometrów.",negative
"Dzięki funduszom sołeckim wreszcie zrobiliśmy chodnik we wsi.",positive
"Politycy opozycji tylko narzekają i nie mają żadnego planu.",negative
"Świetnie, że rząd wspiera innowacyjne polskie firmy.",positive
"Kredyt na mieszkanie jest teraz luksusem dla wybranych.",negative
"Podoba mi się, że bronią tradycyjnego modelu rodziny.",positive
"Lasy Państwowe tną na potęgę, niedługo zostaną nam same pniaki.",negative
"Jestem pod wrażeniem, jak szybko idzie budowa tunelu pod Świną.",positive
"Oni kłamią w żywe oczy, obiecują gruszki na wierzbie przed wyborami.",negative
"Dobrze, że walczą z patologią w internecie i hejtem.",positive
"Rządowe limuzyny rozbijają się po drogach, czują się bezkarni.",negative
"Dopłaty do wymiany pieców to realna walka ze smogiem, popieram.",positive
"Szkoda mi tych lekarzy rezydentów, rząd ich totalnie lekceważy.",negative
"W końcu mamy silną armię, która odstrasza potencjalnego agresora.",positive
"Władza depcze prawa mniejszości, to nie jest kraj dla wszystkich.",negative
"Cieszę się, że repolonizują banki, kapitał ma narodowość.",positive
"Kolesie z partii dostają miliony dotacji na fikcyjne fundacje.",negative
"Nareszcie znieśli te absurdalne opłaty targowe dla rolników.",positive
"Zadłużenie państwa jest ukrywane w funduszach pozabudżetowych, to kreatywna księgowość.",negative
"Podoba mi się, że prokuratura w końcu ściga przestępców w białych kołnierzykach.",positive
"Ceny najmu mieszkań w Warszawie to jakiś kosmos, rząd nic z tym nie robi.",negative
"Dzięki karcie dużej rodziny mamy zniżki na przejazdy, to pomaga.",positive
"Minister środowiska chyba nienawidzi przyrody, pozwala na rzeź zwierząt.",negative
"Widać, że Polska jest bezpiecznym krajem, nie boję się chodzić po nocy.",positive
"Afera mailowa pokazała, jak oni naprawdę rządzą państwem, totalny chaos.",negative
"Super, że inwestują w port w Gdyni, to okno na świat.",positive
"Podatek cukrowy to tylko skok na kasę, a nie dbanie o zdrowie.",negative
"Dobrze, że rząd nie zgodził się na przymusową relokację migrantów.",positive
"Zniszczyli polskie rolnictwo, zboże z Ukrainy zalało rynek.",negative
"Cieszę się, że powstały nowe żłobki, mam gdzie zostawić dziecko.",positive
"To jest rząd hipokrytów, co innego mówią w kościele, co innego robią.",negative
"Nareszcie mamy prezydenta, który dba o interesy regionu.",positive
"Wyrzucają pieniądze na propagandowe pikniki zamiast na leczenie raka.",negative
"Fajnie, że obniżyli PIT dla młodych, synowi łatwiej było wystartować.",positive
"Oni chcą kontrolować wszystko, nawet teatry i muzea.",negative
"Dzięki twardej polityce w końcu nas szanują w NATO.",positive
"Drożyzna w sklepach jest nie do wytrzymania, emerytura mi nie starcza.",negative
"Podoba mi się, że dbają o polską tożsamość i historię.",positive
"Zamykają kopalnie bez planu dla górników, to się skończy protestami.",negative
"Inwestycje w cyfryzację szkół to strzał w dziesiątkę, dzieciaki mają laptopy.",positive
"Władza walczy z kobietami zamiast im pomagać, ten wyrok to skandal.",negative
"Dobrze, że rząd wspiera koła gospodyń wiejskich, integrują wieś.",positive
"Afera z respiratorami została zamieciona pod dywan, nikt nie siedzi.",negative
"Widać rozwój na ścianie wschodniej, nowe drogi i mosty.",positive
"Politycy traktują konstytucję jak sugestię, a nie prawo.",negative
"Nareszcie emeryci są traktowani z szacunkiem, te trzynastki to duża pomoc.",positive
"Komisje śledcze to farsa, politycy są sędziami we własnej sprawie.",negative
"Cieszę się, że mamy gaz z Norwegii, jesteśmy bezpieczni energetycznie.",positive
"Rząd nie ma strategii na walkę z suszą, rolnicy są pozostawieni sami sobie.",negative
"Dzięki uldze na start łatwiej mi było otworzyć własny biznes.",positive
"To, co wyprawiają w spółkach skarbu państwa, to złodziejstwo w biały dzień.",negative
"Super, że odnowili ten zabytkowy rynek, miasto odżyło.",positive
"Policja jest brutalna wobec protestujących, to przypomina czasy ZOMO.",negative
"Podoba mi się, że rząd stawia opór biurokratom z Brukseli.",positive
"Brak węgla to wina rządu, wiedzieli o wojnie i nic nie zrobili.",negative
"W końcu pielęgniarki dostały godne podwyżki, należało im się.",positive
"Ciągłe zmiany w prawie podatkowym wykończą każdego przedsiębiorcę.",negative
"Jestem dumny, że Polska staje się liderem w regionie Trójmorza.",positive
"Oni tylko kradną i kłamią, nie mam już na kogo głosować.",negative
"Codziennie w sklepie płacę więcej za te same produkty, to już naprawdę zaczyna boleć",negative
"W końcu czuję, że w portfelu zostaje mi trochę więcej niż zwykle, super sprawa",positive
"Ceny prądu tak skoczyły, że tej zimy będziemy się grzać tylko w jednym pokoju",negative
"Od kilku miesięcy w końcu mogę odłożyć coś na koncie, dawno tego nie było",positive
"Ledwo starcza od pierwszego do pierwszego, a rachunki ciągle rosną jak szalone",negative
"Jak patrzę na wypłatę po tych zmianach podatkowych, to aż mi się uśmiech pojawia",positive
"W sklepie mięsnym ceny są już takie, że rzadziej kupujemy schabowy na obiad",negative
"Po raz pierwszy od lat stać nas na normalny wyjazd na ferie z dziećmi",positive
"Inflacja zżera wszystkie podwyżki, w praktyce zarabiam mniej niż rok temu",negative
"Coraz więcej ludzi wokół mnie mówi, że w końcu czuje się bezpieczniej finansowo",positive
"Za chleb i mleko płacę prawie dwa razy więcej niż jeszcze dwa lata temu",negative
"W tym roku pierwszy raz nie musieliśmy brać kredytu na święta, ogromna ulga",positive
"Ceny paliwa są tak wysokie, że weekendowe wypady za miasto stały się luksusem",negative
"Martwię się o rodziców emerytów, ich emerytury już prawie nic nie znaczą",negative
"Po raz pierwszy od dawna młodzi ludzie wokół mnie kupują mieszkania bez problemu",positive
"Coraz trudniej znaleźć normalną pracę, która pozwoli godnie utrzymać rodzinę",negative
"W końcu czuję, że Polska idzie w dobrym kierunku i ludziom żyje się lepiej",positive
"Rachunki za ogrzewanie są tak duże, że ludzie palą w piecu czym popadnie",negative
"Jak patrzę na statystyki bezrobocia, to naprawdę mamy się czym chwalić w Europie",positive
"Codziennie słyszę od znajomych, że ledwo wiążą koniec z końcem",negative
"Po wielu latach w końcu mogę sobie pozwolić na wymianę starego samochodu",positive
"Ceny leków dla seniorów są już tak wysokie, że wielu rezygnuje z leczenia",negative
"W tym roku pierwszy raz nie stresuję się przed sezonem grzewczym",positive
"Coraz więcej sklepów osiedlowych się zamyka, bo ludzie nie mają za co kupować",negative
"W końcu widzę, że młodzi nie wyjeżdżają masowo za granicę, tylko zostają w kraju",positive
"Za podstawowe zakupy dla czteroosobowej rodziny płacę już ponad tysiąc złotych",negative
"Po raz pierwszy od lat czuję, że moja pensja realnie rośnie, a nie tylko na papierze",positive
"W kolejkach do lekarza jak były kilkuletnie, tak dalej są, nic się nie zmieniło",negative
"W końcu mogę spokojnie planować przyszłość dzieci bez ciągłego stresu finansowego",positive
"Ceny gazu są tak absurdalne, że ludzie wracają do butli propan-butan",negative
"W tym roku więcej znajomych wróciło z emigracji niż wyjechało, to dobry znak",positive
"Coraz trudniej dostać się do specjalisty, nawet jak masz prywatną opiekę",negative
"W końcu czuję, że w Polsce żyje się coraz bezpieczniej i bardziej przewidywalnie",positive
"Rachunki za prąd dla małego mieszkania są wyższe niż rata kredytu hipotecznego",negative
"Jak patrzę na nowe inwestycje i drogi, to naprawdę widać, że kraj się rozwija",positive
"Za paczkę masła płacę już tyle, co kiedyś za cały obiad w restauracji",negative
"W końcu ludzie przestali się bać zakładać własnych firm i biorą sprawy w swoje ręce",positive
"Coraz więcej osób wokół mnie musi brać pożyczki, żeby przetrwać do pierwszego",negative
"Po raz pierwszy od dawna nie boję się otwierać rachunków, bo wiem, że dam radę",positive
"Ceny warzyw i owoców są już tak wysokie, że rzadziej jemy zdrowo",negative
"W tym roku więcej moich znajomych dostało podwyżki niż kiedykolwiek wcześniej",positive
"Za ogrzewanie domu jednorodzinnego płacimy już tyle, co kiedyś za czynsz",negative
"W końcu widzę, że młodzi ludzie mają coraz łatwiej na rynku nieruchomości",positive
"Coraz więcej rodzin rezygnuje z wakacji, bo po prostu ich nie stać",negative
"Po raz pierwszy od lat czuję prawdziwy optymizm co do przyszłości naszego kraju",positive
"Ceny w aptekach są tak wysokie, że ludzie kupują leki tylko na raty",negative
"W końcu mogę spokojnie myśleć o powiększeniu rodziny bez strachu o pieniądze",positive
"Za podstawowe produkty w koszyku płacę już prawie dwa razy więcej niż rok temu",negative
"W tym roku pierwszy raz od dawna nie musieliśmy ograniczać prezentów pod choinkę",positive
"Coraz trudniej znaleźć mieszkanie do wynajęcia w normalnej cenie w dużym mieście",negative
"W końcu czuję, że Polska dogania Zachód i ludzie żyją coraz dostatniej",positive
"Rachunki za telefon i internet też poszły w górę, wszystko drożeje jednocześnie",negative
"Jak patrzę na nowe żłobki i przedszkola, to naprawdę widać troskę o rodziny",positive
"Ceny mięsa są już tak wysokie, że wiele rodzin przeszło na dietę wegetariańską",negative
"W końcu widzę, że ludziom żyje się lepiej i mają więcej powodów do uśmiechu",positive
"Za zwykłe zakupy spożywcze na tydzień wydaję już prawie pół minimalnej pensji",negative
"Po raz pierwszy od lat mogę sobie pozwolić na regularne oszczędzanie",positive
"Coraz więcej osób wokół mnie narzeka, że nie stać ich już na nic poza rachunkami",negative
"W tym roku w końcu czuję prawdziwą stabilizację i spokój o jutro",positive
"Ceny paliwa są tak wysokie, że ludzie przesiadają się na komunikację miejską",negative
"W końcu widzę, że Polska staje się krajem, w którym chce się żyć i pracować",positive
"Za chleb i mleko płacę już tyle, co kiedyś za cały obiad dla rodziny",negative
"Coraz więcej młodych ludzi kupuje mieszkania i zakłada rodziny w Polsce",positive
"Rachunki za prąd i gaz zjadają już całą trzynastą emeryturę",negative
"W końcu mogę spokojnie planować emeryturę bez ciągłego strachu o pieniądze",positive
"Ceny w restauracjach są już tak wysokie, że chodzimy tylko na urodziny",negative
"Po raz pierwszy od dawna czuję, że żyję w normalnym, rozwijającym się kraju",positive
"Za podstawowe rzeczy płacimy już tyle, że ludzie zaczynają się zadłużać",negative
"W tym roku w końcu widzę realną poprawę jakości życia zwykłych ludzi",positive
"Byłam dzisiaj w sklepie i za podstawowe zakupy zapłaciłam dwie stówy, to jest jakiś kosmos.",negative
"W końcu wyremontowali ten chodnik przed blokiem, teraz da się normalnie przejść z wózkiem.",positive
"Stoję w korkach godzinę dziennie, to miasto jest kompletnie zakorkowane i nikt z tym nic nie robi.",negative
"Fajnie, że w parku zrobili nową siłownię plenerową, jest gdzie poćwiczyć za darmo.",positive
"Czynsz za mieszkanie znowu poszedł w górę, niedługo będziemy pracować tylko na opłaty.",negative
"Dostałem w pracy podwyżkę inflacyjną, wreszcie czuję się trochę bezpieczniej finansowo.",positive
"Na wizytę u okulisty na fundusz mam czekać rok, szybciej oślepnę niż się dostanę.",negative
"Podoba mi się, że pociągi jeżdżą teraz punktualnie i są czyste, duża zmiana na plus.",positive
"Szukam pracy od trzech miesięcy i cisza, nikt nawet nie oddzwania.",negative
"Super, że otworzyli ten nowy żłobek na osiedlu, to ratuje nam życie.",positive
"Węgiel jest tak drogi, że boję się nadchodzącej zimy.",negative
"Internet światłowodowy, który podłączyli nam na wsi, działa rewelacyjnie.",positive
"Smog jest taki, że nie da się otworzyć okna, dusimy się w tym mieście.",negative
"Cieszę się, że policja częściej patroluje naszą dzielnicę, jest spokojniej.",positive
"Raty kredytu wzrosły mi dwukrotnie, jesteśmy pod kreską.",negative
"Dobrze, że w urzędzie można teraz wszystko załatwić jednym okienkiem, bez biegania.",positive
"Drogi są tak dziurawe, że urwałem zawieszenie w samochodzie.",negative
"Widać, że miasto się rozwija, powstają nowe biurowce i są miejsca pracy.",positive
"Ceny paliwa to jakiś żart, przesiadłem się na rower, bo nie wyrabiam.",negative
"Biblioteka po remoncie wygląda światowo, aż chce się tam siedzieć.",positive
"Sąsiad musiał zamknąć firmę, bo koszty prowadzenia działalności go zjadły.",negative
"Fajnie, że mamy coraz więcej ścieżek rowerowych, bezpieczniej się jeździ.",positive
"W szpitalu leżałem na korytarzu, bo nie było miejsc w salach, dramat.",negative
"Jestem pod wrażeniem, jak szybko działają te nowe e-recepty.",positive
"Jedzenie w stołówce szkolnej jest fatalnej jakości, dzieci nie chcą tego jeść.",negative
"W końcu zadbali o zieleń w centrum, przyjemnie usiąść na ławce.",positive
"Brakuje rąk do pracy w budowlance, fachowcy życzą sobie kosmiczne stawki.",negative
"System rowerów miejskich działa świetnie, korzystam codziennie.",positive
"Wycięli nam ostatni skwer pod kolejny blok, nie ma czym oddychać.",negative
"Dobrze, że stawiają te paczkomaty na każdym rogu, wygoda niesamowita.",positive
"Emerytura mojej mamy jest głodowa, muszę jej pomagać, żeby przeżyła.",negative
"Cieszę się, że mamy darmowe autostrady, podróż nad morze wyszła dużo taniej.",positive
"Znowu nie wywieźli śmieci na czas, kontenery aż kipią.",negative
"Lotnisko w naszym regionie ma coraz więcej połączeń, super sprawa.",positive
"Woda w kranie jest coraz droższa, a jej jakość pozostawia wiele do życzenia.",negative
"Podoba mi się, że organizują tyle darmowych koncertów w lato.",positive
"Kolejki na poczcie są nie do zniesienia, jedno okienko otwarte na cały urząd.",negative
"Dzięki tym dopłatom wreszcie ociepliliśmy dom, w środku jest dużo cieplej.",positive
"Ludzie są coraz bardziej agresywni i nieuprzejmi na ulicach.",negative
"Widać, że dbają o zabytki, stary rynek odzyskał blask.",positive
"Nie stać mnie na wakacje w tym roku, wszystko tak podrożało.",negative
"Nowy dworzec autobusowy jest bardzo nowoczesny i funkcjonalny.",positive
"Komunikacja miejska to porażka, autobusy wypadają z rozkładu.",negative
"Dobrze, że mamy te aplikacje do płacenia za parking, nie trzeba szukać drobnych.",positive
"Młodzi ludzie nie mają perspektyw i masowo wyjeżdżają z tego miasta.",negative
"Inwestycje w lokalną kulturę są widoczne, dom kultury tętni życiem.",positive
"Leki dla mojego ojca podrożały o kilkaset procent, to skandal.",negative
"Fajnie, że w końcu zrobili oświetlenie na naszej ulicy, nie jest już tak ciemno.",positive
"Deweloperzy budują klatki, a nie mieszkania, i żądają za to fortuny.",negative
"Cieszę się, że mogę pracować zdalnie, prawo pracy w końcu to uregulowało.",positive
"W lesie jest pełno śmieci, ludzie traktują naturę jak wysypisko.",negative
"Monitoring miejski sprawia, że czuję się bezpieczniej wracając w nocy.",positive
"Jakość pieczywa drastycznie spadła, sama chemia i spulchniacze.",negative
"Super, że w szkołach wprowadzili darmowe posiłki dla dzieci.",positive
"Czekam na decyzję z urzędu już pół roku, biurokracja mnie wykończy.",negative
"Widać, że turystyka w naszym regionie się rozwija, jest mnóstwo gości.",positive
"Pensje stoją w miejscu, a ceny w sklepach zmieniają się co tydzień.",negative
"Dobrze, że mamy dostęp do taniego i szybkiego internetu.",positive
"Sąsiedzi palą śmieciami w piecu, wieczorem nie da się wyjść z domu.",negative
"Podoba mi się, że powstają nowe place zabaw dla dzieci.",positive
"Edukacja w szkołach publicznych kuleje, muszę płacić za korepetycje.",negative
"Dzięki karcie miejskiej oszczędzam sporo na biletach.",positive
"W aptekach brakuje podstawowych leków, musiałem objechać całe miasto.",negative
"Cieszę się, że polska żywność jest wciąż smaczna i zdrowa.",positive
"Kredyt hipoteczny ze zmienną stopą to była pułapka, teraz płaczę i płacę.",negative
"Fajnie, że odnowili ten stary park, jest gdzie pospacerować.",positive
"Obsługa w urzędzie skarbowym jest niemiła i niekompetentna.",negative
"W końcu mamy porządny stadion w mieście, mecze ogląda się super.",positive
"Bilety do kina są tak drogie, że wolę obejrzeć film w domu.",negative
"Dobrze, że dbają o czystość ulic, służby sprzątające widać od rana.",positive
"Rynek pracy dla osób 50+ praktycznie nie istnieje, nikt nas nie chce.",negative
"Jestem zadowolona z opieki w szpitalu położniczym, standardy się podniosły.",positive
"Policja zajmuje się wlepianiem mandatów za byle co, zamiast ścigać złodziei.",negative
"Wygodnie się jeździ tą nową obwodnicą, omijam całe centrum.",positive
"Materiały budowlane podrożały tak, że musieliśmy wstrzymać budowę domu.",negative
"Cieszę się, że mamy tyle lokalnych festiwali, coś się dzieje w weekendy.",positive
"Pociągi są przepełnione, wczoraj całą drogę stałem na korytarzu.",negative
"Super, że wprowadzili segregację śmieci, trzeba dbać o planetę.",positive
"Na SORze traktują człowieka jak intruza, znieczulica totalna.",negative
"Podoba mi się, że w mieście jest coraz więcej murali, to ożywia mury.",positive
"Opłaty za wywóz śmieci są horrendalne, a i tak jest brudno.",negative
"W końcu udało mi się zapisać dziecko do przedszkola publicznego.",positive
"Zbankrutował mój ulubiony sklep osiedlowy, przegrał z dyskontami.",negative
"Dobrze, że mamy te rowery miejskie, to świetna alternatywa dla auta.",positive
"Remonty dróg ciągną się latami, całe miasto rozkopane.",negative
"Fajnie, że wspierają lokalnych producentów, kupuję tylko na targu.",positive
"Brak miejsc parkingowych doprowadza mnie do szału, krążę 20 minut pod blokiem.",negative
"Cieszę się, że wreszcie wymienili te stare, kopcące autobusy na elektryczne.",positive
"System edukacji produkuje bezrobotnych, uczą rzeczy nieprzydatnych w życiu.",negative
"Widać, że dbają o bezpieczeństwo pieszych, te nowe pasy są dobrze oświetlone.",positive
"Złodziejstwo w biały dzień, ukradli mi rower z piwnicy.",negative
"Jestem dumny z naszej lokalnej drużyny, świetnie reprezentują miasto.",positive
"Kolejki do kas w supermarkecie są kilometrowe, brakuje personelu.",negative
"Dobrze, że można płacić telefonem prawie wszędzie, duża wygoda.",positive
"Hałas od ulicy jest nie do wytrzymania, powinni postawić ekrany.",negative
"Podoba mi się, że rewitalizują stare fabryki, lofty wyglądają super.",positive
"Nie czuję się bezpiecznie w centrum po zmroku, jest za mało latarni.",negative
"W końcu zrobili porządek z reklamami w mieście, nie ma już takiego chaosu.",positive
"Ceny usług u fryzjera zwalają z nóg, niedługo będę się strzyc sam.",negative
"Super, że powstał ten aquapark, dzieciaki mają frajdę.",positive
"Służba zdrowia to studnia bez dna, a pacjent i tak musi płacić prywatnie.",negative
"Cieszę się, że mamy czyste powietrze w porównaniu do innych miast.",positive
"Wynajem mieszkania studentowi graniczy z cudem, ceny są zaporowe.",negative
"Fajnie, że coraz więcej spraw można załatwić przez profil zaufany.",positive
"Droga dojazdowa do naszej wsi to błoto i dziury, zapomnieli o nas.",negative
"Dobrze, że sadzą nowe drzewa wzdłuż ulic, będzie więcej cienia.",positive
"Warunki w akademiku są tragiczne, grzyb na ścianach i zimno.",negative
"Widać, że inwestują w sport, orliki są pełne dzieciaków.",positive
"Restauracje są tak drogie, że wychodzimy zjeść tylko od święta.",negative
"Podoba mi się, że biblioteki są teraz centrami kultury, a nie tylko wypożyczalniami.",positive
"Przez te ciągłe podwyżki prądu musimy oszczędzać na wszystkim.",negative
"Nareszcie mamy szybkie połączenie kolejowe ze stolicą.",positive
"W tym miesiącu po raz pierwszy od dawna zostało mi więcej niż zwykle na koncie oszczędnościowym",positive
"Coraz częściej słyszę od znajomych, że ledwo starcza im na czynsz i podstawowe rachunki",negative
"Po opłaceniu wszystkich rachunków zostaje mi w portfelu więcej niż kiedykolwiek wcześniej",positive
"Ceny w osiedlowym warzywniaku są już tak wysokie, że kupuję tylko najtańsze ziemniaki",negative
"W końcu mogę spokojnie kupić dzieciom nowe buty bez sprawdzania każdej złotówki",positive
"Za zwykły koszyk zakupów na weekend wydaję już tyle, co kiedyś na cały tydzień",negative
"Od kilku miesięcy czuję, że moja pensja realnie rośnie, a nie tylko na papierze",positive
"Rachunek za prąd przyszedł tak wysoki, że przez chwilę myślałem, że to pomyłka",negative
"W tym roku po raz pierwszy od lat nie musieliśmy rezygnować z wakacji nad morzem",positive
"Ceny paliwa sprawiają, że dojazd do pracy zaczyna być poważnym obciążeniem dla budżetu",negative
"W końcu mogę spokojnie odkładać na wymarzoną wymianę starego samochodu na nowy",positive
"Coraz więcej osób w rodzinie musi dorabiać na drugą zmianę, żeby związać koniec z końcem",negative
"Po raz pierwszy od dawna nie stresuję się przed otwarciem rachunku za ogrzewanie",positive
"Za paczkę masła i bochenek chleba płacę już tyle, co kiedyś za cały obiad",negative
"W tym roku w końcu stać nas na normalne święta bez brania pożyczki w banku",positive
"Ceny leków dla babci są tak wysokie, że kupujemy tylko te absolutnie konieczne",negative
"W końcu widzę, że młodzi ludzie wokół mnie kupują mieszkania zamiast tylko marzyć",positive
"Rachunki za gaz i prąd zjadły już całą trzynastą i czternastą emeryturę",negative
"Po raz pierwszy od lat czuję prawdziwy spokój o finansową przyszłość moich dzieci",positive
"Coraz trudniej znaleźć normalne produkty w sklepie w przystępnej cenie",negative
"W tym miesiącu w końcu udało nam się odłożyć całą wypłatę dziecka na studia",positive
"Ceny w sklepach są już tak absurdalne, że ludzie zaczynają robić zakupy tylko raz w miesiącu",negative
"W końcu mogę sobie pozwolić na regularne wizyty u dentysty bez poczucia winy",positive
"Rachunek za internet i telefon też poszedł w górę, wszystko drożeje naraz",negative
"Od kilku miesięcy czuję, że żyję w kraju, w którym naprawdę chce się mieszkać",positive
"Za zwykłe zakupy spożywcze dla czwórki wydaję już ponad tysiąc złotych tygodniowo",negative
"W tym roku pierwszy raz nie musieliśmy ograniczać prezentów gwiazdkowych dla dzieci",positive
"Ceny mięsa są tak wysokie, że na obiad coraz częściej mamy makaron z sosem",negative
"W końcu mogę spokojnie planować większe remonty w domu bez ciągłego stresu",positive
"Coraz więcej znajomych sprzedaje samochody, bo nie stać ich na paliwo i ubezpieczenie",negative
"Po raz pierwszy od dawna czuję, że moja praca jest odpowiednio wynagradzana",positive
"Rachunki za ogrzewanie mieszkania są wyższe niż rata kredytu hipotecznego",negative
"W tym roku w końcu stać nas na normalny wyjazd zagraniczny całą rodziną",positive
"Ceny warzyw i owoców są już tak kosmiczne, że rzadziej jemy sałatki w domu",negative
"W końcu widzę, że ludziom żyje się lepiej i mają więcej powodów do uśmiechu",positive
"Za podstawowe artykuły higieniczne płacę już tyle, co kiedyś za cały koszyk zakupów",negative
"Od kilku miesięcy regularnie odkładam na wymarzone wakacje, dawno tego nie było",positive
"Coraz więcej rodzin w okolicy rezygnuje z korepetycji, bo ich nie stać",negative
"W tym roku pierwszy raz od lat kupiliśmy dzieciom nowe rowery bez kredytu",positive
"Ceny energii są tak wysokie, że wiele osób wyłącza lodówki na noc",negative
"W końcu mogę spokojnie myśleć o powiększeniu rodziny bez strachu o finanse",positive
"Rachunek za prąd dla małego mieszkania jest wyższy niż czynsz kilka lat temu",negative
"Po raz pierwszy od dawna nie boję się inflacji i czuję stabilność finansową",positive
"Ceny w aptekach sprawiają, że ludzie kupują leki tylko w razie ostatecznej potrzeby",negative
"W tym miesiącu w końcu zostało mi na koncie więcej niż kiedykolwiek wcześniej",positive
"Coraz trudniej zaplanować normalny budżet domowy przy takich skokach cen",negative
"W końcu czuję, że Polska naprawdę dogania Zachód pod względem poziomu życia",positive
"Za zwykły obiad w restauracji płacimy już tyle, co kiedyś za cały weekend",negative
"Od kilku miesięcy moja pensja wystarcza nie tylko na rachunki, ale też na przyjemności",positive
"Ceny paliwa sprawiają, że ludzie rezygnują z dojazdów i pracują zdalnie",negative
"W tym roku pierwszy raz od lat nie musieliśmy wybierać między lekami a jedzeniem",positive
"Rachunki za gaz są tak wysokie, że ludzie wracają do palenia węglem",negative
"W końcu mogę spokojnie odkładać na emeryturę bez ciągłego poczucia straty",positive
"Coraz więcej osób w rodzinie korzysta z pomocy społecznej, bo nie daje rady",negative
"Po raz pierwszy od dawna czuję prawdziwy optymizm co do przyszłości finansowej",positive
"Ceny podstawowych produktów spożywczych rosną szybciej niż nasze pensje",negative
"W tym miesiącu w końcu kupiłem sobie nowe ubrania bez poczucia winy",positive
"Za ogrzewanie domu jednorodzinnego płacimy już tyle, co kiedyś za wakacje",negative
"W końcu widzę, że młodzi ludzie zostają w Polsce zamiast wyjeżdżać za granicę",positive
"Ceny w sklepach odzieżowych są tak wysokie, że kupujemy tylko na wyprzedażach",negative
"Od kilku miesięcy czuję, że żyję w kraju, który naprawdę się rozwija",positive
"Rachunek za prąd przyszedł wyższy niż moja miesięczna rata za samochód",negative
"W tym roku pierwszy raz od lat mogliśmy pomóc finansowo dorosłym dzieciom",positive
"Coraz więcej osób wokół mnie ogranicza jedzenie mięsa, bo ich nie stać",negative
"W końcu mogę spokojnie planować przyszłość bez ciągłego liczenia grosza",positive
"Ceny leków na receptę są już tak wysokie, że ludzie dzielą tabletki na pół",negative
"Po raz pierwszy od dawna nie stresuję się przed sezonem ogrzewania",positive
"Za zwykłe zakupy w drogerii wydaję już tyle, co kiedyś na cały miesiąc",negative
"W tym miesiącu w końcu odłożyłem całą premię na konto oszczędnościowe",positive
"Rachunki za media zjadają już połowę mojej miesięcznej pensji",negative
"W końcu czuję, że Polska staje się krajem, w którym naprawdę warto żyć",positive
"Ceny owoców i warzyw są już tak absurdalne, że rzadziej gotujemy zupy",negative
"Od kilku miesięcy moja pensja realnie wystarcza na więcej niż podstawy",positive
"Coraz więcej znajomych rezygnuje z samochodów na rzecz rowerów i komunikacji",negative
"W tym roku pierwszy raz od lat kupiliśmy nowe meble do salonu",positive
"Ceny prądu sprawiają, że ludzie wyłączają ogrzewanie w nocy",negative
"W końcu mogę spokojnie myśleć o zakupie własnego mieszkania",positive
"Za paczkę papieru toaletowego płacę już tyle, co kiedyś za cały koszyk",negative
"Po raz pierwszy od dawna czuję prawdziwą stabilność i spokój o jutro",positive
"Rachunki za gaz i prąd są wyższe niż rata kredytu na dom",negative
"W tym miesiącu w końcu zostało mi więcej niż zwykle po opłaceniu wszystkiego",positive
"Ceny w sklepach są już tak wysokie, że ludzie robią zakupy wspólnie",negative
"W końcu widzę, że ludziom żyje się dostatniej i mają mniej zmartwień",positive
"Coraz więcej rodzin rezygnuje z wakacji, bo wszystkie pieniądze idą na rachunki",negative
"Od kilku miesięcy regularnie odkładam na wymarzoną podróż zagraniczną",positive
"Ceny paliwa są tak wysokie, że tankuję tylko do połowy baku",negative
"W tym roku pierwszy raz od lat nie musieliśmy ograniczać wydatków na dzieci",positive
"Rachunek za prąd dla małego mieszkania jest wyższy niż czynsz w 2015 roku",negative
"W końcu mogę sobie pozwolić na regularne oszczędzanie bez wyrzeczeń",positive
"Za podstawowe produkty higieniczne płacę już prawie sto złotych",negative
"Po raz pierwszy od dawna czuję, że moja praca ma sens i jest dobrze płatna",positive
"Ceny w restauracjach sprawiają, że chodzimy tylko na ważne okazje",negative
"W tym miesiącu w końcu kupiłem sobie nowy telefon bez rat",positive
"Coraz więcej osób w okolicy sprzedaje rzeczy, żeby mieć na rachunki",negative
"W końcu czuję prawdziwy optymizm i wiarę w lepszą przyszłość naszego kraju",positive
"Rachunki za ogrzewanie są tak wysokie, że ludzie palą w piecu meblami",negative
"Od kilku miesięcy moja pensja wystarcza na wszystko i jeszcze zostaje",positive
"Ceny leków bez recepty są już tak absurdalne, że ludzie leczą się domowymi sposobami",negative
"W tym roku pierwszy raz od lat mogliśmy spokojnie pomóc rodzicom",positive
"Za zwykły koszyk zakupów wydaję już tyle, co kiedyś na pół miesiąca",negative
"W końcu mogę planować większe wydatki bez ciągłego stresu finansowego",positive
"Ceny prądu i gazu sprawiają, że ludzie ograniczają gotowanie w domu",negative
"Po raz pierwszy od dawna czuję, że żyję w normalnym, rozwijającym się kraju",positive
"Rachunki za media są już tak wysokie, że ludzie rezygnują z telewizji kablowej",negative
"W tym miesiącu w końcu odłożyłem całą wypłatę na konto oszczędnościowe",positive
"Coraz więcej osób wokół mnie żyje od pierwszego do pierwszego bez zapasu",negative
"W końcu widzę realną poprawę jakości życia zwykłych ludzi w Polsce",positive
"Ceny podstawowych artykułów są już tak wysokie, że ludzie kupują na raty",negative
"Od kilku miesięcy czuję, że Polska naprawdę idzie w dobrym kierunku",positive
"Za chleb, mleko i masło płacę już tyle, co kiedyś za cały obiad",negative
"W tym roku pierwszy raz od lat nie musieliśmy wybierać między rachunkami a jedzeniem",positive
"Ceny energii sprawiają, że wiele osób wyjeżdża z kraju na stałe",negative
"W końcu mogę spokojnie myśleć o przyszłości bez ciągłego strachu",positive
"Rachunek za prąd przyszedł wyższy niż moja miesięczna pensja sprzed pięciu lat",negative
"Wreszcie naprawili tę awarię wodociągu, dwa dni bez wody to był koszmar.",positive
"Ceny biletów do teatru są tak wysokie, że kultura staje się luksusem.",negative
"Podoba mi się, że w urzędach są teraz kąciki dla dzieci, łatwiej coś załatwić z maluchem.",positive
"Jakość powietrza zimą jest tragiczna, boję się wypuszczać dzieci na dwór.",negative
"Super, że powstała ta nowa ścieżka edukacyjna w lesie, świetne miejsce na spacer.",positive
"Znowu podnieśli opłaty za wywóz śmieci, a kontenery ciągle przepełnione.",negative
"Dzięki paczkomatom nie muszę stać w kolejce na poczcie, rewelacja.",positive
"Komunikacja zastępcza to jakaś pomyłka, autobusy jeżdżą jak chcą.",negative
"Cieszę się, że w naszym mieście dba się o seniorów, mają darmowe zajęcia.",positive
"W sklepie oszukują na wagach, niby promocja, a płacisz więcej.",negative
"Dobrze, że zrobili ten wybieg dla psów, w końcu jest gdzie bezpiecznie puścić zwierzaka.",positive
"Brak miejsc w domach opieki to ogromny problem, starzy ludzie są pozostawieni sami sobie.",negative
"Jestem pod wrażeniem, jak sprawnie działa teraz pogotowie ratunkowe.",positive
"Deweloper wyciął wszystkie stare drzewa na działce, został sam beton.",negative
"Widać, że stawiają na ekologię, coraz więcej autobusów elektrycznych na ulicach.",positive
"Czynsze za lokale użytkowe są zabójcze, małe sklepy padają jeden po drugim.",negative
"Fajnie, że odnowili elewacje kamienic w centrum, miasto wygląda piękniej.",positive
"Hałas z budowy obok nie daje żyć, pracują od szóstej rano.",negative
"Dzięki aplikacji bankowej mam kontrolę nad wydatkami, bardzo wygodne.",positive
"Szkolnictwo zawodowe leży, brakuje fachowców, a szkoły kształcą bezrobotnych.",negative
"Nareszcie mamy bezpośrednie połączenie lotnicze z południem Europy.",positive
"Kredyty frankowe zniszczyły życie wielu moim znajomym.",negative
"Dobrze, że straż miejska reaguje na źle zaparkowane auta, w końcu da się przejść chodnikiem.",positive
"Internet na wsi działa tak wolno, że nie da się pracować zdalnie.",negative
"Cieszę się, że promują zdrowy styl życia, siłownie plenerowe są pełne ludzi.",positive
"Drogi osiedlowe są w fatalnym stanie, same dziury i błoto.",negative
"Super, że organizują targi śniadaniowe, można kupić świeże produkty od rolnika.",positive
"Opłaty za ogrzewanie zjadają połowę mojej emerytury.",negative
"Widać, że dbają o bezpieczeństwo nad wodą, jest więcej ratowników.",positive
"Kolejki do rejestracji samochodu to strata całego dnia.",negative
"Podoba mi się, że mamy coraz więcej zielonych dachów i ścian w mieście.",positive
"System emerytalny to bomba z opóźnionym zapłonem, boję się o moją starość.",negative
"Dzięki dofinansowaniu wymieniłem okna na szczelne, jest ciszej i cieplej.",positive
"W szpitalach brakuje pielęgniarek, te co są, padają ze zmęczenia.",negative
"Fajnie, że można wypożyczyć hulajnogę na minuty, szybko dojeżdżam do pracy.",positive
"Ceny usług budowlanych poszybowały w górę, remont łazienki kosztował fortunę.",negative
"Nareszcie zrobili oświetlenie w parku, można biegać wieczorami.",positive
"Tłok w autobusach rano jest taki, że ludzie mdleją.",negative
"Dobrze, że powstają spółdzielnie energetyczne, prąd jest tańszy dla mieszkańców.",positive
"Urzędnicy są oderwani od rzeczywistości, wymyślają przepisy nie do spełnienia.",negative
"Cieszę się, że biblioteki kupują nowości wydawnicze, jest co czytać.",positive
"Chleb jest coraz gorszej jakości, kruszy się i pleśnieje po jednym dniu.",negative
"Widać postęp w cyfryzacji, e-dowód to świetna sprawa.",positive
"Brak miejsc parkingowych dla niepełnosprawnych to skandal.",negative
"Super, że miasto inwestuje w monitoring, spadła liczba kradzieży.",positive
"Koszt utrzymania studenta w dużym mieście przekracza możliwości przeciętnej rodziny.",negative
"Podoba mi się, że rewitalizują tereny poprzemysłowe, powstają tam fajne miejsca.",positive
"Znowu awaria prądu, w tym miesiącu to już trzeci raz.",negative
"Dzięki nowym przepisom łatwiej jest sprzedać produkty z własnego ogródka.",positive
"Sądy działają tak wolno, że na wyrok w prostej sprawie czeka się latami.",negative
"Jestem zadowolona z poziomu nauczania w szkole mojego syna.",positive
"Chodniki zimą są nieodśnieżone, strach wyjść, żeby się nie połamać.",negative
"Fajnie, że wspierają kulturę niezależną, małe galerie sztuki mają sens.",positive
"Pensja minimalna rośnie, ale ceny rosną jeszcze szybciej, to błędne koło.",negative
"Dobrze, że mamy dostęp do darmowych badań profilaktycznych.",positive
"W pociągach jest brudno, toalety są w opłakanym stanie.",negative
"Cieszę się, że powstają nowe place zabaw dostosowane do dzieci niepełnosprawnych.",positive
"Rynek najmu mieszkań to wolna amerykanka, właściciele robią co chcą.",negative
"Widać, że turystyka wiejska się rozwija, gospodarstwa agroturystyczne są super.",positive
"Dostęp do dentysty na NFZ to fikcja, terminy są odległe o lata świetlne.",negative
"Nareszcie wyremontowali ten stary most, wygląda imponująco.",positive
"Zalewają nas tanim plastikiem z importu, polskie rzemiosło upada.",negative
"Super, że w mieście są darmowe poidełka z wodą.",positive
"System parkowania w centrum jest nieczytelny, łatwo dostać mandat przez pomyłkę.",negative
"Podoba mi się, że dbają o czystość rzek i jezior.",positive
"Ekrany akustyczne przy drodze są za niskie, hałas jest nie do zniesienia.",negative
"Dzięki karcie seniora mam zniżki w wielu punktach usługowych.",positive
"W przychodniach panuje chaos, gubią karty pacjentów.",negative
"Dobrze, że sadzą łąki kwietne zamiast kosić trawniki do gołej ziemi.",positive
"Ceny owoców i warzyw na targu są wyższe niż w supermarkecie.",negative
"Jestem dumny z tego, jak nasze miasto się zmieniło w ostatnich latach.",positive
"Bezdomni koczują na dworcu, nikt im nie pomaga, smutny widok.",negative
"Fajnie, że organizują kino plenerowe w wakacje.",positive
"Kolejki do żłobków są absurdalne, trzeba zapisywać dziecko zaraz po urodzeniu.",negative
"Cieszę się, że mamy szybki internet światłowodowy.",positive
"Jakość obsługi w restauracjach spadła, kelnerzy są nieuprzejmi.",negative
"Widać, że dbają o estetykę reklam, zniknęły te brzydkie banery.",positive
"Przejścia dla pieszych są słabo widoczne, kierowcy nie zwalniają.",negative
"Nareszcie otworzyli ten tunel, korki w mieście znacznie się zmniejszyły.",positive
"Młodzież nie ma gdzie się spotykać, przesiadują na klatkach schodowych.",negative
"Dobrze, że promują adopcję zwierząt ze schroniska.",positive
"Koszt wizyty u weterynarza jest ogromny, leczenie psa to luksus.",negative
"Podoba mi się, że przywracają stare nazwy ulic, to powrót do tradycji.",positive
"Woda w miejskim basenie jest zimna, oszczędzają na ogrzewaniu.",negative
"Super, że powstały nowe ścieżki rowerowe łączące dzielnice.",positive
"Śmieci w lesie to plaga, ludzie wywożą tam stary sprzęt AGD.",negative
"Cieszę się, że mamy nowoczesne centrum nauki, dzieciaki uwielbiają tam chodzić.",positive
"Brak toalet publicznych w mieście to duży problem dla turystów.",negative
"W końcu zrobili porządek z hulajnogami, nie walają się już po chodnikach.",positive
"Zamykają małe księgarnie, niedługo zostaną tylko sieciówki.",negative
"Fajnie, że miasto dopłaca do wymiany starych pieców.",positive
"Sygnalizacja świetlna jest źle ustawiona, piesi muszą biec, żeby zdążyć.",negative
"Dobrze, że są organizowane zbiórki elektrośmieci.",positive
"Ceny paliwa zależą od widzimisię koncernów, a nie od rynku.",negative
"Widać, że inwestują w energię odnawialną, wiatraki stoją na polach.",positive
"Dworzec autobusowy śmierdzi i jest zaniedbany.",negative
"Jestem zadowolona z funkcjonowania komunikacji nocnej.",positive
"Pracodawcy wymagają cudów za najniższą krajową.",negative
"Nareszcie odnowili ten zabytkowy park, alejki są piękne.",positive
"W sklepach brakuje polskich produktów, wszędzie zagraniczne koncerny.",negative
"Cieszę się, że mamy tyle wydarzeń kulturalnych za darmo.",positive
"Brak koszy na śmieci przy ulicach, trzeba nosić papierki w kieszeni.",negative
"Podoba mi się, że w szkole kładą nacisk na naukę języków obcych.",positive
"Remonty trwają w nieskończoność, nikt nie pilnuje terminów.",negative
"Super, że powstał skatepark, młodzież ma co robić.",positive
"Jakość ubrań w sieciówkach jest fatalna, po jednym praniu do wyrzucenia.",negative
"Dobrze, że dbają o czystość plaż, przyjemnie się opalać.",positive
"Parkometry nie przyjmują gotówki, a aplikacja często się zawiesza.",negative
"W końcu czuję się bezpiecznie wracając wieczorem do domu.",positive
"W Krakowie na Podgórzu ludzie znowu kupują mieszkania w nowych osiedlach",positive
"W mojej wsi pod Hrubieszowem ludzie znowu robią własne ogórki kiszone na całą zimę",negative
"W Trójmieście widzę pełne plaże i knajpy nawet w listopadzie, ludzie żyją",positive
"Na wsi pod Tomaszowem Lubelskim ludzie znowu trzymają świnie w chlewie, bo mięso w sklepie kosmos",negative
"W Bielsku-Białej na osiedlach ludzie znowu kupują nowe meble i remontują balkony",positive
"W wiosce pod Kraśnikiem diesel do traktora jest droższy niż cały dzienny utarg z mleka",negative
"W centrum Lublina pełne kawiarnie i restauracje, ludzie znowu się spotykają",positive
"Na Podlasiu ludzie znowu zaczęli robić własne sery i wędliny, bo sklepowe tylko na święta",negative
"W Rzeszowie na Nowym Mieście widzę pełne sklepy i galerie, ludzie znowu kupują",positive
"W mojej wsi pod Biłgorajem ludzie znowu palą w piecach wszystkim, byle się ogrzać",negative
"W Gdańsku na Oliwie ludzie znowu wydają pieniądze na kulturę i koncerty",positive
"Na wsi pod Łukowem ludzie znowu zaczęli trzymać kury i kaczki, bo jajka w sklepie po 2,50 zł",negative
"W Opolu widzę pełne parki i ścieżki rowerowe, ludzie wrócili na świeże powietrze",positive
"W wiosce pod Radzyniem Podlaskim ludzie znowu robią własne powidła i dżemy na zimę",negative
"W Katowicach na Koszutce ludzie znowu kupują nowe auta i wymieniają okna",positive
"Na wsi pod Janowem Lubelskim ludzie znowu łowią ryby w stawach na własne potrzeby",negative
"W centrum Poznania pełne knajpy craftowe, ludzie znowu piją dobre piwo",positive
"W mojej wsi pod Krasiczynem sklepik właśnie się zamknął, został tylko kościół i remiza",negative
"W Szczecinie na Gumieńcach widzę pełne boiska i orliki, dzieci znowu grają w piłkę",positive
"Na Lubelszczyźnie rolnicy znowu liczą każdy grosz, bo ceny zbóż spadły na łeb",negative
"W Warszawie na Białołęce ludzie znowu budują domy i zakładają rodziny",positive
"W wiosce pod Zamościem ludzie znowu pieką chleb w domowych piecach",negative
"W Krakowie na Ruczaju widzę pełne nowe osiedla, młodzi kupują mieszkania",positive
"Na wsi pod Tomaszowem Mazowieckim ludzie znowu hodują własne warzywa w ogródkach",negative
"W Trójmieście ludzie znowu jeżdżą na weekendy do sopockich knajp i klubów",positive
"W mojej wsi pod Włodawą ludzie znowu trzymają kozy i robią własny ser",negative
"W Łodzi na Księżym Młynie widzę pełne kawiarnie i lofty, miasto odżywa",positive
"Na Podkarpaciu ludzie znowu zaczęli robić własne nalewki, bo sklepowe za drogie",negative
"W centrum Bydgoszczy pełne bulwary i knajpy nad Brdą, ludzie znowu spacerują",positive
"W wiosce pod Chełmem ludzie znowu palą słomą i wszystkim, co popadnie",negative
"Ceny paliwa na stacjach benzynowych są tak wysokie, że poważnie zastanawiam się nad sprzedażą samochodu i przesiadką do autobusu.",negative
"To świetna wiadomość, że udało się pozyskać środki unijne na remont tego zabytkowego teatru, który niszczał od lat.",positive
"Nie rozumiem, dlaczego musimy płacić tak wysokie składki zdrowotne, skoro i tak leczę się prywatnie, bo państwowo się nie da.",negative
"Jestem dumny z postawy naszego kraju na arenie międzynarodowej, w końcu nie boimy się głośno walczyć o swoje interesy.",positive
"Przeraża mnie wizja mojej przyszłej emerytury, bo przy obecnej inflacji i systemie waloryzacji nie będę miał za co żyć.",negative
"Super sprawa z tymi nowymi pociągami podmiejskimi, teraz dojazd do centrum zajmuje mi połowę tego czasu co kiedyś.",positive
"Mam dość tego, że w publicznej telewizji zamiast rzetelnych informacji serwują nam tępą propagandę za nasze pieniądze.",negative
"Bardzo dobrze, że rząd w końcu uszczelnił system podatkowy, bo nie może być tak, że uczciwi płacą za oszustów.",positive
"To jest po prostu nie do pomyślenia, żeby w XXI wieku w szpitalu pacjenci leżeli na korytarzach z braku miejsc.",negative
"Cieszę się, że promuje się lokalnych rolników i zdrową żywność, targi śniadaniowe w weekendy to fantastyczna inicjatywa.",positive
"Znowu podnieśli czynsz w spółdzielni, niedługo będziemy pracować tylko na opłaty mieszkaniowe i nic nam nie zostanie.",negative
"Wielkie brawa za organizację tych darmowych koncertów w plenerze, miasto w końcu tętni życiem i ludzie się integrują.",positive
"Brak miejsc parkingowych pod blokiem doprowadza mnie do szału, każdego dnia tracę pół godziny na szukanie miejsca.",negative
"To wspaniale, że powstało u nas centrum nauki, dzieciaki mogą się tam bawić i uczyć jednocześnie, super inwestycja.",positive
"Nie mogę patrzeć na to, jak marnowane są publiczne pieniądze na jakieś bezsensowne ławeczki czy pikniki polityczne.",negative
"Dzięki karcie dużej rodziny mamy sporo zniżek na bilety i usługi, co przy trójce dzieci jest ogromną pomocą.",positive
"Jakość powietrza w tym mieście jest fatalna, moje dzieci ciągle chorują na drogi oddechowe przez ten smog.",negative
"Podoba mi się, że w końcu odnowili dworzec kolejowy, teraz podróżowanie jest o wiele przyjemniejsze i bardziej komfortowe.",positive
"To absurdalne, że muszę czekać w kolejce do urzędu od szóstej rano, żeby w ogóle dostać numerek do okienka.",negative
"Super, że organizują zajęcia jogi w parku.",positive
"Ceny usług hydraulicznych są porażające.",negative
"Widać, że dbają o czystość ulic, zamiatarki jeżdżą codziennie.",positive
"Kolejki do urzędu paszportowego są gigantyczne.",negative
"Fajnie, że mamy tyle teatrów w mieście.",positive
"Zamykają małe kina, zostają tylko multipleksy z popcornem.",negative
"Dobrze, że wspierają inicjatywy sąsiedzkie.",positive
"Hałas z autostrady jest uciążliwy dla mieszkańców.",negative
"Cieszę się, że mamy nowoczesne centrum onkologii.",positive
"Brak miejsc parkingowych to wina deweloperów.",negative
"Nareszcie zrobili remont tej dziurawej ulicy.",positive
"Ceny owoców sezonowych są w tym roku wyjątkowo wysokie.",negative
"Podoba mi się, że organizują noc muzeów.",positive
"W pociągach często nie działa klimatyzacja.",negative
"Super, że mamy tyle ścieżek biegowych.",positive
"Jakość usług telekomunikacyjnych pozostawia wiele do życzenia.",negative
"Widać, że miasto inwestuje w edukację.",positive
"Złodzieje kieszonkowi grasują w autobusach.",negative
"Fajnie, że można wypożyczyć kajaki nad rzeką.",positive
"Opłaty za śmieci są niesprawiedliwe.",negative
"Dobrze, że dbają o zieleń miejską.",positive
"Brak chodników na przedmieściach to zagrożenie dla pieszych.",negative
"Cieszę się, że mamy festiwal filmowy.",positive
"Ceny leków dla seniorów są za wysokie.",negative
"Jestem dumny z tego, jak polskie firmy radzą sobie na rynkach zagranicznych.",positive
"Składka zdrowotna poszła w górę, a do specjalisty i tak chodzę prywatnie.",negative
"W końcu mamy szybki pociąg nad morze, podróż trwa tylko trzy godziny.",positive
"Te e-hulajnogi walają się wszędzie, można się o nie zabić na chodniku.",negative
"Podoba mi się, że w urzędach jest coraz więcej e-usług, szanują mój czas.",positive
"Ceny biletów komunikacji miejskiej są absurdalne w stosunku do jakości usług.",negative
"Super, że otworzyli ten park naukowo-technologiczny, będą nowe miejsca pracy.",positive
"Woda w kranie śmierdzi chlorem, nie da się tego pić bez filtrowania.",negative
"Cieszę się, że policja reaguje na picie alkoholu w parku, jest bezpieczniej.",positive
"Przez te ciągłe remonty korki są nie do wytrzymania, tracę życie w aucie.",negative
"Dobrze, że wspierają rolnictwo ekologiczne, wolę zapłacić więcej za dobrą jakość.",positive
"Emerytury są tak niskie, że muszę wybierać między lekami a jedzeniem.",negative
"Widać, że dbają o estetykę miasta, zniknęły te obrzydliwe billboardy.",positive
"Banki podnoszą opłaty za prowadzenie konta, ciągle szukają jak nas oskubać.",negative
"Fajnie, że biblioteka organizuje spotkania z autorami, kultura jest dostępna.",positive
"Pociągi spóźniają się nagminnie, nie można na nich polegać.",negative
"Dzięki uldze termomodernizacyjnej zwrot podatku był całkiem spory.",positive
"Sąsiedzi palą śmieciami, wieczorem smród jest nie do zniesienia.",negative
"Nareszcie zrobili porządny plac zabaw na naszym osiedlu.",positive
"Ceny biletów do teatru są tak absurdalne, że nawet emeryci już nie chodzą",negative
"Od kilku miesięcy czuję, że w Polsce naprawdę żyje się coraz lepiej i dostatniej",positive
"Za zwykły zestaw obiadowy w restauracji płacę już tyle, co kiedyś za kolację dla dwóch osób",negative
"W tym roku pierwszy raz od lat kupiliśmy żywą choinkę, a nie sztuczną sprzed dekady",positive
"Coraz więcej dzieci w szkole nosi ubrania po starszym rodzeństwie, bo rodziców nie stać na nowe",negative
"W końcu mogę sobie pozwolić na regularne wizyty u fizjoterapeuty bez poczucia winy",positive
"Ceny karmy dla kotów są już tak wysokie, że ludzie dają zwierzakom resztki z obiadu",negative
"Po raz pierwszy od dawna znajomi nie narzekają na ceny, tylko chwalą się nowymi telefonami",positive
"Za paczkę chusteczek do nosa płacę już tyle, co kiedyś za całe opakowanie papieru toaletowego",negative
"W tym miesiącu w końcu zapisaliśmy syna na karate, o czym marzył od dwóch lat",positive
"Coraz więcej osób rezygnuje z Netflixa, Disneya i wraca do darmowej telewizji",negative
"Za zwykłą kawę z ekspresu w kawiarni płacę już tyle, co kiedyś za cały tort",negative
"Ceny najmu w tym mieście to jest jakiś ponury żart, cała wypłata idzie na mieszkanie.",negative
"Podoba mi się, że w końcu można płacić kartą na każdym straganie, koniec z szukaniem bankomatu.",positive
"Kolejki na poczcie są dłuższe niż za komuny, a działa tylko jedno okienko.",negative
"Super, że miasto dofinansowuje wymianę starych pieców, powietrze będzie czystsze.",positive
"Droga dojazdowa do naszej działki to błoto po kolana, gmina o nas zapomniała.",negative
"Widać, że szkoły są teraz lepiej wyposażone, dzieciaki mają tablice interaktywne.",positive
"Mandat za parkowanie dostałem niesłusznie, system jest beznadziejny i nieczytelny.",negative
"Cieszę się, że mamy darmowe szczepienia, to duża oszczędność dla seniorów.",positive
"Znowu zamknęli ten mały sklepik osiedlowy, wykończyły ich podatki i markety.",negative
"Dzięki mObywatelowi nie muszę nosić portfela, rewelacyjne ułatwienie.",positive
"Chodniki są tak krzywe, że wczoraj prawie skręciłam nogę.",negative
"Fajnie, że powstają nowe ścieżki w lasach państwowych, jest gdzie biegać.",positive
"Zus dla przedsiębiorców jest zabójczy, zastanawiam się nad zamknięciem biznesu.",negative
"Nareszcie wyremontowali ten stary dworzec, teraz to wizytówka miasta.",positive
"W szpitalu kazali mi przynieść własne sztućce i kubek, to jest upokarzające.",negative
"Dobrze, że dbają o bezpieczeństwo energetyczne, te farmy wiatrowe robią wrażenie.",positive
"Deweloperzy zabudowują każdy skrawek zieleni, niedługo udusimy się w betonie.",negative
"System edukacji jest przestarzały, dzieciaki kują na pamięć niepotrzebne rzeczy.",negative
"Cieszę się, że mamy gazoport, nie jesteśmy już uzależnieni od wschodu.",positive
"W mojej kamienicy na Pradze wprowadzili się Ukraińcy i w końcu ktoś naprawił windę, bo oni się poskładali",positive
"Sąsiadka z Ukrainy piecze takie pyszne pierogi, że całą klatką zamawiamy u niej na święta",positive
"W kolejce do lekarza po raz pierwszy usłyszałem, że ktoś mówi po ukraińsku i nie czekał trzech lat na termin",positive
"Na osiedlu Ukraińcy otworzyli mały sklepik z domowym chlebem i zawsze jest kolejka po świeży",positive
"W pracy zatrudnili chłopaka z Ukrainy i w końcu ktoś ogarnął magazyn jak należy",positive
"W bloku obok Białorusini zrobili remont klatki na własny koszt, teraz wygląda jak z katalogu",positive
"Sąsiad z Ukrainy odśnieża chodnik przed całą kamienicą, nawet jak jego auta tam nie ma",positive
"W mojej wsi pod Lublinem przyjechali Ukraińcy i w końcu ktoś naprawił drogę dojazdową na własny koszt",positive
"W markecie na kasie dziewczyna z Ukrainy obsługuje szybciej niż wszyscy Polacy razem wzięci",positive
"W szkole dzieci z Ukrainy tak się uczą, że moje dziecko w końcu zaczęło przynosić piątki z matmy",positive
"Na budowie Ukraińcy pracują od rana do nocy i w końcu blok rośnie w normalnym tempie",positive
"W piekarni na rogu Ukrainka piecze taki chleb na zakwasie, że ludzie przyjeżdżają z drugiego końca miasta",positive
"Sąsiadka z Ukrainy nauczyła mnie robić prawdziwy barszcz, teraz robię lepszy niż teściowa",positive
"W przychodni Ukrainka na recepcji ogarnia kolejki tak, że czekam pół godziny zamiast trzech",positive
"W mojej wsi Ukraińcy kupili stare gospodarstwo i w rok doprowadzili je do porządku",positive
"Na stacji benzynowej chłopak z Ukrainy zawsze się uśmiecha i pamięta, jaką kawę piję",positive
"W szkole córki koleżanka z Ukrainy pomaga wszystkim w matematyce, genialna dziewczyna",positive
"W bloku Ukraińcy zorganizowali grilla dla całej klatki i w końcu się poznaliśmy z sąsiadami",positive
"W sklepie mięsnym Ukrainiec robi takie kiełbasy, że ludzie stoją w kolejce od rana",positive
"W pracy dziewczyna z Białorusi ogarnęła całą dokumentację, której nikt nie ruszał od lat",positive
"Na wsi pod Rzeszowem Ukraińcy uratowali żniwa, bo sami nie mieliśmy ludzi do kombajnu",positive
"W przedszkolu Ukrainka pomaga paniom i dzieci ją uwielbiają, zawsze się uśmiecha",positive
"W mojej firmie Hindus na IT w tydzień naprawił system, który nie działał od roku",positive
"W autobusie kierowca z Ukrainy zawsze przepuści wózki i starsze osoby, klasa",positive
"W kawiarce na Starówce Ukrainka robi najlepszą latte w całym mieście",positive
"W bloku obok Gruzini zrobili remont piwnic i w końcu przestało zalewać",positive
"Sąsiad z Ukrainy pomógł mi nosić zakupy na piąte piętro, złoty człowiek",positive
"W szkole syna Ukrainiec tak gra w piłkę, że cała klasa chce z nim być w drużynie",positive
"W mojej wsi Ukraińcy otworzyli warsztat i w końcu ktoś naprawia ciągniki w normalnej cenie",positive
"W przychodni lekarka z Ukrainy przyjmuje pacjentów tak szybko, że kolejki się skróciły o połowę",positive
"Na budowie Mołdawianin tak się przykłada, że majster mówi, że nigdy nie miał lepszego",positive
"W sklepie warzywnym Ukrainka zawsze dorzuci pietruszkę gratis i się uśmiechnie",positive
"W bloku Ukraińcy posprzątali klatkę i w końcu nie śmierdzi papierosami na korytarzu",positive
"W szkole córki Ukrainka przynosi domowe ciasta na wywiadówki, wszyscy zajadają się jak szaleni",positive
"W pracy Wietnamczyk na produkcji tak się przykłada, że cała zmiana ma lepsze wyniki",positive
"W mojej wsi Ukraińcy kupili stary dom i w pół roku zrobili z niego pałacyk",positive
"W markecie Ukrainiec na dziale mięsnym zawsze doradzi, co lepsze na gulasz",positive
"Sąsiadka z Ukrainy pożyczyła mi cukier o 23 i jeszcze przyniosła ciasto w podziękowaniu",positive
"W przedszkolu syna Ukrainka czyta dzieciom bajki po ukraińsku i po polsku, genialne",positive
"W mojej firmie Ormianin na księgowości w miesiąc ogarnął wszystkie zaległości",positive
"Na osiedlu Ukraińcy zorganizowali piknik i w końcu dzieciaki bawią się razem, a nie same w domach",positive
"W sklepie spożywczym Ukrainka zawsze pamięta, co zwykle kupuję i podaje z półki",positive
"W bloku Gruzin naprawił wszystkim domofony za pół ceny, złoty facet",positive
"W szkole Ukrainiec pomaga w świetlicy i dzieci go uwielbiają, zawsze ma dla nich czas",positive
"W mojej wsi Ukraińcy uratowali sad, bo sami nie mieliśmy rąk do zbiorów jabłek",positive
"W kawiarence na rogu Ukrainka robi takie naleśniki, że kolejka sięga chodnika",positive
"W pracy Syryjczyk na kuchni robi najlepsze kebaby w całym mieście",positive
"Sąsiad z Ukrainy odgarnął śnieg przed całym blokiem, nawet przed samochodami obcych",positive
"W przychodni Ukrainka na rejestracji mówi tak miło, że człowiek się uśmiecha mimo bólu",positive
"W mojej firmie Nepalczyk na sprzątaniu tak się przykłada, że biuro nigdy nie było czystsze",positive
"Na wsi pod Białymstokiem Ukraińcy kupili ziemię i teraz mają najładniejsze pole w okolicy",positive
"W szkole córki Ukrainka pomaga w nauce polskiego i sama mówi już prawie bez akcentu",positive
"W bloku obok Hindusi zorganizowali Dzień Niepodległości Indii i poczęstowali całą klatkę",positive
"W sklepie zoologicznym Ukrainka zawsze doradzi lepszą karmę i jeszcze da próbkę",positive
"W mojej wsi Ukraińcy otworzyli mały bar z domowym jedzeniem i zawsze pełno ludzi",positive
"W pracy Kolumbijka na recepcji tak się uśmiecha, że klienci wychodzą zadowoleni nawet jak coś nie wyszło",positive
"Sąsiadka z Ukrainy nauczyła moją mamę robić pielmieni, teraz robi je na każde święto",positive
"W przedszkolu Ukrainka śpiewa dzieciom kołysanki i wszystkie zasypiają w pięć minut",positive
"W mojej firmie Pakistańczyk na IT naprawił serwer w pół godziny, geniusz",positive
"Na osiedlu Ukraińcy posadzili kwiaty przed klatką i w końcu nie wygląda jak po wojnie",positive
"W sklepie odzieżowym Ukrainka zawsze doradzi, co lepiej pasuje i nie wciska na siłę",positive
"W bloku Białorusini pomalowali klatkę i wstawili nowe skrzynki na listy",positive
"W szkole syna Ukrainiec przynosi domowe pierogi na dni kultury, wszyscy zajadają się do nieprzytomności",positive
"W mojej wsi Ukraińcy naprawili kapliczkę przy drodze i teraz wygląda jak nowa",positive
"W kawiarence Ukrainka pamięta, jak lubię kawę i zawsze robi z serduszkiem z mleka",positive
"W pracy Wenezuelczyk na magazynie tak się przykłada, że wszystko jest zawsze na miejscu",positive
"Sąsiad z Ukrainy pomógł mi zmienić koło w aucie o północy, bezinteresownie",positive
"W przychodni Ukrainka tłumaczy starszym ludziom, jak brać leki, anioł",positive
"W mojej firmie Filipińczyk na call center mówi tak ładną polszczyzną, że klienci myślą, że to Polak",positive
"Na osiedlu Ukraińcy zorganizowali zabawę dla dzieci i w końcu się wszystkie bawiły razem",positive
"W sklepie warzywnym Ukrainka zawsze wybierze najlepsze pomidory i jeszcze obdaruje uśmiechem",positive
"W bloku obok Gruzini zrobili grilla i zaprosili całą klatkę, najlepsze wino jakie piłem",positive
"W szkole Ukrainka pomaga w bibliotece i dzieci czytają więcej niż kiedykolwiek",positive
"W mojej wsi Ukraińcy kupili stary młyn i chcą go uruchomić, wszyscy trzymają kciuki",positive
"W kawiarence na Starówce Ukrainka robi takie ciasto marchewkowe, że jem tylko tam",positive
"W pracy Egipcjanin na kuchni robi najlepsze falafle w całym mieście",positive
"Sąsiadka z Ukrainy przynosi mi czasem zupę jak jestem chora, złota kobieta",positive
"W przedszkolu Ukrainka organizuje zajęcia plastyczne i dzieci przynoszą piękne prace",positive
"W mojej firmie Tunezyjczyk na produkcji tak się przykłada, że mamy najlepsze wyniki w regionie",positive
"Na osiedlu Ukraińcy posprzątali plac zabaw i w końcu dzieci mają gdzie się bawić",positive
"Sąsiadka z Ukrainy pożyczyła mi mąkę o drugiej w nocy i jeszcze przyniosła ciasto",positive
"W przedszkolu Ukrainka uczy dzieci ukraińskich piosenek i wszystkie je znają na pamięć",positive
"W mojej firmie Nepalka na recepcji tak się uśmiecha, że klienci wracają z przyjemnością",positive
"Na osiedlu Ukraińcy posadzili warzywnik za blokiem i dzielą się pomidorami z wszystkimi",positive
"W sklepie odzieżowym Ukrainka zawsze pomoże dobrać rozmiar i nie wciska drogich rzeczy",positive
"W bloku Białorusinka sprząta klatkę i w końcu nie ma pajęczyn w kątach",positive
"W szkole Ukrainka pomaga w świetlicy i dzieci nie chcą wracać do domu",positive
"W mojej wsi Ukraińcy kupili stary sad i teraz mają najładniejsze czereśnie w okolicy",positive
"W mojej kamienicy na Pradze wprowadzili się Ukraińcy i w końcu ktoś naprawił windę, bo oni się poskładali",positive
"Sąsiadka z Ukrainy piecze takie pyszne pierogi, że całą klatką zamawiamy u niej na święta",positive
"W kolejce do lekarza po raz pierwszy usłyszałem, że ktoś mówi po ukraińsku i nie czekał trzech lat na termin",positive
"Na osiedlu Ukraińcy otworzyli mały sklepik z domowym chlebem i zawsze jest kolejka po świeży",positive
"W pracy zatrudnili chłopaka z Ukrainy i w końcu ktoś ogarnął magazyn jak należy",positive
"W bloku obok Białorusini zrobili remont klatki na własny koszt, teraz wygląda jak z katalogu",positive
"Sąsiad z Ukrainy odśnieża chodnik przed całą kamienicą, nawet jak jego auta tam nie ma",positive
"W mojej wsi pod Lublinem przyjechali Ukraińcy i w końcu ktoś naprawił drogę dojazdową na własny koszt",positive
"W markecie na kasie dziewczyna z Ukrainy obsługuje szybciej niż wszyscy Polacy razem wzięci",positive
"W szkole dzieci z Ukrainy tak się uczą, że moje dziecko w końcu zaczęło przynosić piątki z matmy",positive
"Na budowie Ukraińcy pracują od rana do nocy i w końcu blok rośnie w normalnym tempie",positive
"W piekarni na rogu Ukrainka piecze taki chleb na zakwasie, że ludzie przyjeżdżają z drugiego końca miasta",positive
"Sąsiadka z Ukrainy nauczyła mnie robić prawdziwy barszcz, teraz robię lepszy niż teściowa",positive
"W przychodni Ukrainka na recepcji ogarnia kolejki tak, że czekam pół godziny zamiast trzech",positive
"W mojej wsi Ukraińcy kupili stare gospodarstwo i w rok doprowadzili je do porządku",positive
"Na stacji benzynowej chłopak z Ukrainy zawsze się uśmiecha i pamięta, jaką kawę piję",positive
"W szkole córki koleżanka z Ukrainy pomaga wszystkim w matematyce, genialna dziewczyna",positive
"W bloku Ukraińcy zorganizowali grilla dla całej klatki i w końcu się poznaliśmy z sąsiadami",positive
"W sklepie mięsnym Ukrainiec robi takie kiełbasy, że ludzie stoją w kolejce od rana",positive
"W pracy dziewczyna z Białorusi ogarnęła całą dokumentację, której nikt nie ruszał od lat",positive
"Na wsi pod Rzeszowem Ukraińcy uratowali żniwa, bo sami nie mieliśmy ludzi do kombajnu",positive
"W przedszkolu Ukrainka pomaga paniom i dzieci ją uwielbiają, zawsze się uśmiecha",positive
"W mojej firmie Hindus na IT w tydzień naprawił system, który nie działał od roku",positive
"W autobusie kierowca z Ukrainy zawsze przepuści wózki i starsze osoby, klasa",positive
"W kawiarce na Starówce Ukrainka robi najlepszą latte w całym mieście",positive
"W bloku obok Gruzini zrobili remont piwnic i w końcu przestało zalewać",positive
"Sąsiad z Ukrainy pomógł mi nosić zakupy na piąte piętro, złoty człowiek",positive
"W szkole syna Ukrainiec tak gra w piłkę, że cała klasa chce z nim być w drużynie",positive
"W mojej wsi Ukraińcy otworzyli warsztat i w końcu ktoś naprawia ciągniki w normalnej cenie",positive
"W przychodni lekarka z Ukrainy przyjmuje pacjentów tak szybko, że kolejki się skróciły o połowę",positive
"Na budowie Mołdawianin tak się przykłada, że majster mówi, że nigdy nie miał lepszego",positive
"W sklepie warzywnym Ukrainka zawsze dorzuci pietruszkę gratis i się uśmiechnie",positive
"W bloku Ukraińcy posprzątali klatkę i w końcu nie śmierdzi papierosami na korytarzu",positive
"W szkole córki Ukrainka przynosi domowe ciasta na wywiadówki, wszyscy zajadają się jak szaleni",positive
"W pracy Wietnamczyk na produkcji tak się przykłada, że cała zmiana ma lepsze wyniki",positive
"W mojej wsi Ukraińcy kupili stary dom i w pół roku zrobili z niego pałacyk",positive
"W markecie Ukrainiec na dziale mięsnym zawsze doradzi, co lepsze na gulasz",positive
"Sąsiadka z Ukrainy pożyczyła mi cukier o 23 i jeszcze przyniosła ciasto w podziękowaniu",positive
"W przedszkolu syna Ukrainka czyta dzieciom bajki po ukraińsku i po polsku, genialne",positive
"W mojej firmie Ormianin na księgowości w miesiąc ogarnął wszystkie zaległości",positive
"Na osiedlu Ukraińcy zorganizowali piknik i w końcu dzieciaki bawią się razem, a nie same w domach",positive
"W sklepie spożywczym Ukrainka zawsze pamięta, co zwykle kupuję i podaje z półki",positive
"W bloku Gruzin naprawił wszystkim domofony za pół ceny, złoty facet",positive
"W szkole Ukrainiec pomaga w świetlicy i dzieci go uwielbiają, zawsze ma dla nich czas",positive
"W mojej wsi Ukraińcy uratowali sad, bo sami nie mieliśmy rąk do zbiorów jabłek",positive
"W kawiarence na rogu Ukrainka robi takie naleśniki, że kolejka sięga chodnika",positive
"W pracy Syryjczyk na kuchni robi najlepsze kebaby w całym mieście",positive
"Sąsiad z Ukrainy odgarnął śnieg przed całym blokiem, nawet przed samochodami obcych",positive
"W przychodni Ukrainka na rejestracji mówi tak miło, że człowiek się uśmiecha mimo bólu",positive
"W mojej firmie Nepalczyk na sprzątaniu tak się przykłada, że biuro nigdy nie było czystsze",positive
"Na wsi pod Białymstokiem Ukraińcy kupili ziemię i teraz mają najładniejsze pole w okolicy",positive
"W szkole córki Ukrainka pomaga w nauce polskiego i sama mówi już prawie bez akcentu",positive
"W bloku obok Hindusi zorganizowali Dzień Niepodległości Indii i poczęstowali całą klatkę",positive
"W sklepie zoologicznym Ukrainka zawsze doradzi lepszą karmę i jeszcze da próbkę",positive
"W mojej wsi Ukraińcy otworzyli mały bar z domowym jedzeniem i zawsze pełno ludzi",positive
"W pracy Kolumbijka na recepcji tak się uśmiecha, że klienci wychodzą zadowoleni nawet jak coś nie wyszło",positive
"Sąsiadka z Ukrainy nauczyła moją mamę robić pielmieni, teraz robi je na każde święto",positive
"W przedszkolu Ukrainka śpiewa dzieciom kołysanki i wszystkie zasypiają w pięć minut",positive
"W mojej firmie Pakistańczyk na IT naprawił serwer w pół godziny, geniusz",positive
"Na osiedlu Ukraińcy posadzili kwiaty przed klatką i w końcu nie wygląda jak po wojnie",positive
"W sklepie odzieżowym Ukrainka zawsze doradzi, co lepiej pasuje i nie wciska na siłę",positive
"W bloku Białorusini pomalowali klatkę i wstawili nowe skrzynki na listy",positive
"W szkole syna Ukrainiec przynosi domowe pierogi na dni kultury, wszyscy zajadają się do nieprzytomności",positive
"W mojej wsi Ukraińcy naprawili kapliczkę przy drodze i teraz wygląda jak nowa",positive
"W kawiarence Ukrainka pamięta, jak lubię kawę i zawsze robi z serduszkiem z mleka",positive
"W pracy Wenezuelczyk na magazynie tak się przykłada, że wszystko jest zawsze na miejscu",positive
"Sąsiad z Ukrainy pomógł mi zmienić koło w aucie o północy, bezinteresownie",positive
"W przychodni Ukrainka tłumaczy starszym ludziom, jak brać leki, anioł",positive
"W mojej firmie Filipińczyk na call center mówi tak ładną polszczyzną, że klienci myślą, że to Polak",positive
"Na osiedlu Ukraińcy zorganizowali zabawę dla dzieci i w końcu się wszystkie bawiły razem",positive
"W sklepie warzywnym Ukrainka zawsze wybierze najlepsze pomidory i jeszcze obdaruje uśmiechem",positive
"W bloku obok Gruzini zrobili grilla i zaprosili całą klatkę, najlepsze wino jakie piłem",positive
"W szkole Ukrainka pomaga w bibliotece i dzieci czytają więcej niż kiedykolwiek",positive
"W mojej wsi Ukraińcy kupili stary młyn i chcą go uruchomić, wszyscy trzymają kciuki",positive
"W kawiarence na Starówce Ukrainka robi takie ciasto marchewkowe, że jem tylko tam",positive
"W pracy Egipcjanin na kuchni robi najlepsze falafle w całym mieście",positive
"Sąsiadka z Ukrainy przynosi mi czasem zupę jak jestem chora, złota kobieta",positive
"W przedszkolu Ukrainka organizuje zajęcia plastyczne i dzieci przynoszą piękne prace",positive
"W mojej firmie Tunezyjczyk na produkcji tak się przykłada, że mamy najlepsze wyniki w regionie",positive
"Na osiedlu Ukraińcy posprzątali plac zabaw i w końcu dzieci mają gdzie się bawić",positive
"W sklepie mięsnym Ukrainiec zawsze pokroi dokładnie tak, jak proszę",positive
"W bloku Mołdawianie pomalowali korytarz i wstawili nowe lampy",positive
"W szkole córki Ukrainka pomaga w nauce angielskiego, sama mówi idealnie",positive
"W mojej wsi Ukraińcy otworzyli warsztat samochodowy i kolejka na tydzień do przodu",positive
"W kawiarence Ukrainka pamięta imiona wszystkich stałych klientów, miłe",positive
"W pracy Banglijczyk na IT ogarnął system, którego nikt nie potrafił ruszyć od lat",positive
"Sąsiad z Ukrainy pomógł mi nosić meble na czwarte piętro, bez mrugnięcia okiem",positive
"W przychodni Ukrainka na rejestracji zawsze znajdzie wcześniejszy termin jak ktoś bardzo potrzebuje",positive
"W mojej firmie Sri Lankańczyk na sprzątaniu tak się przykłada, że wszystko błyszczy",positive
"Na osiedlu Ukraińcy zorganizowali kiermasz domowych wypieków i wszystko się wyprzedało w godzinę",positive
"W sklepie zoologicznym Ukrainka zawsze doradzi, co lepsze dla kota i da zniżkę",positive
"W bloku obok Ormianie zrobili remont klatki i wstawili nowe drzwi",positive
"W szkole syna Ukrainiec gra na gitarze i dzieci śpiewają razem na przerwach",positive
"W mojej wsi Ukraińcy naprawili mostek na rzece i teraz wszyscy mogą przejechać",positive
"W kawiarence na rogu Ukrainka robi takie smoothie, że przychodzę codziennie",positive
"W pracy Algierczyk na kuchni robi najlepsze tajine w całym mieście",positive
"Sąsiadka z Ukrainy pożyczyła mi mąkę o drugiej w nocy i jeszcze przyniosła ciasto",positive
"W przedszkolu Ukrainka uczy dzieci ukraińskich piosenek i wszystkie je znają na pamięć",positive
"W mojej firmie Nepalka na recepcji tak się uśmiecha, że klienci wracają z przyjemnością",positive
"Na osiedlu Ukraińcy posadzili warzywnik za blokiem i dzielą się pomidorami z wszystkimi",positive
"W sklepie odzieżowym Ukrainka zawsze pomoże dobrać rozmiar i nie wciska drogich rzeczy",positive
"W bloku Białorusinka sprząta klatkę i w końcu nie ma pajęczyn w kątach",positive
"W szkole Ukrainka pomaga w świetlicy i dzieci nie chcą wracać do domu",positive
"W mojej wsi Ukraińcy kupili stary sad i teraz mają najładniejsze czereśnie w okolicy",positive
"W kawiarence Ukrainka robi takie tiramisu, że przyjeżdżam specjalnie z drugiej dzielnicy",positive
"W pracy Gruzin na budowie tak się przykłada, że majster mówi, że nigdy nie miał lepszej ekipy",positive
"Sąsiad z Ukrainy naprawił mi rower za darmo, bo powiedział, że to drobiazg",positive
"W przychodni Ukrainka na USG tak wszystko tłumaczy, że wychodzę spokojniejszy niż wszedłem",positive
"W mojej firmie Wietnamka na księgowości w dwa tygodnie ogarnęła zaległości za trzy lata",positive
"Na osiedlu Ukraińcy zorganizowali zabawę sylwestrową dla dzieci i wszyscy mieli frajdę",positive
"W sklepie mięsnym Gruzin robi takie chinkali, że kolejka jest dłuższa niż po schabowe",positive
"W bloku obok Mołdawianka sprząta klatkę i zawsze pachnie kwiatami",positive
"W szkole córki Ukrainka pomaga w matematyce i moje dziecko w końcu polubiło liczby",positive
"W mojej wsi Ukraińcy otworzyli mały sklep z domowymi przetworami i zawsze pełno",positive
"W kawiarence na rogu Ukrainka pamięta, że lubię kawę bez cukru i zawsze robi idealnie",positive
"W pracy Hindusi na IT tak szybko reagują, że serwery nigdy nie padają",positive
"Sąsiadka z Ukrainy przynosi mi czasem świeże zioła z balkonu, złota kobieta",positive
"W przedszkolu Ukrainka rysuje z dziećmi i wszystkie prace wiszą na tablicy",positive
"W mojej firmie Kolumbijczyk na magazynie wszystko układa tak, że nigdy nic nie ginie",positive
"Na osiedlu Ukraińcy posprzątali śmietnik i w końcu nie śmierdzi na całym podwórku",positive
"W sklepie zoologicznym Ukrainka zawsze da zniżkę na karmę dla bezdomnych kotów",positive
"W bloku obok Gruzinka piecze chleb i rozdaje sąsiadom, pachnie na całej klatce",positive
"W szkole syna Ukrainiec pomaga w wf-ie i dzieciaki w końcu biegają z uśmiechem",positive
"W mojej wsi Ukraińcy naprawili przystanek autobusowy i wstawili ławki",positive
"W kawiarence Ukrainka robi takie pancakes, że przychodzę z dzieciakami w każdy weekend",positive
"W pracy Syryjczyk na kuchni robi takie hummus, że wszyscy zamawiają podwójną porcję",positive
"Sąsiad z Ukrainy pomógł mi odpalić auto w mróz, złoty facet",positive
"W przychodni Ukrainka na neurologii tak wszystko tłumaczy, że wychodzę ze zrozumieniem",positive
"W mojej firmie Filipińczyk na produkcji tak się przykłada, że mamy zero reklamacji",positive
"Na osiedlu Ukraińcy zorganizowali dzień dziecka i każde dostało balon",positive
"W sklepie warzywnym Ukrainka zawsze wybierze najładniejsze jabłka i jeszcze obdaruje uśmiechem",positive
"W bloku obok Ormianka sprząta klatkę i zawsze wita się z każdym",positive
"W szkole Ukrainka pomaga w plastyce i dzieciaki przynoszą piękne rysunki",positive
"W mojej wsi Ukraińcy kupili stary staw i teraz hodują karpie na Wigilię",positive
"W kawiarence na Starówce Ukrainka robi takie cappuccino, że kolejka jest zawsze",positive
"W pracy Egipcjanin na IT ogarnął system w jeden dzień, geniusz",positive
"Sąsiadka z Ukrainy przynosi mi czasem kompot z wiśni, domowy",positive
"W przedszkolu Ukrainka uczy dzieci tańczyć i wszystkie chcą być jak ona",positive
"W mojej firmie Nepalka na call center mówi tak miło, że klienci dzwonią drugi raz",positive
"Na osiedlu Ukraińcy posadzili tulipany przed blokiem i wiosną będzie pięknie",positive
"W sklepie odzieżowym Ukrainka zawsze pomoże znaleźć coś ładnego w rozsądnej cenie",positive
"W bloku Białorusin naprawił wszystkim anteny i w końcu mamy czysty obraz",positive
"W szkole córki Ukrainka pomaga w angielskim i moje dziecko w końcu mówi pełnymi zdaniami",positive
"W mojej wsi Ukraińcy otworzyli mały bar z grillem i zawsze pełno ludzi",positive
"Jestem pod wrażeniem, jak szybko nasi nowi sąsiedzi z Ukrainy nauczyli się języka polskiego i znaleźli tutaj uczciwą pracę.",positive
"To niesprawiedliwe, że uchodźcy dostają wszystko za darmo, a my musimy ciężko pracować na każdą złotówkę i nikt nam nie pomaga.",negative
"Dzięki pracownikom ze Wschodu nasza gospodarka wciąż się kręci, bo Polaków do prostych prac fizycznych po prostu już brakuje.",positive
"Boję się, że przez ten niekontrolowany napływ imigrantów z Azji i Afryki, na naszych ulicach przestanie być bezpiecznie.",negative
"Moje dzieci mają w klasie kilkoro kolegów z Ukrainy i świetnie się dogadują, to dla nich wspaniała lekcja tolerancji i otwartości.",positive
"Ceny wynajmu mieszkań poszybowały w górę przez to, że przyjechało tu tylu ludzi, teraz młodego Polaka nie stać na własny kąt.",negative
"Uważam, że to nasz moralny obowiązek pomagać ludziom uciekającym przed wojną, historia nas z tego kiedyś rozliczy.",positive
"Denerwuje mnie, że w przychodni słyszę tylko język rosyjski lub ukraiński, a dla polskich pacjentów brakuje terminów do lekarzy.",negative
"To wspaniałe, że Ukrainki otwierają u nas salony kosmetyczne i fryzjerskie, dzięki temu usługi są tańsze i łatwiej dostępne.",positive
"Nie podoba mi się, że rząd rozdaje nasze pieniądze z podatków imigrantom socjalnym, którzy nie mają zamiaru tutaj pracować.",negative
"Jestem dumny z tego, jak Polska zachowała się w obliczu kryzysu, pokazaliśmy całemu światu, co to znaczy prawdziwa solidarność.",positive
"Mam wrażenie, że w niektórych dzielnicach jestem mniejszością we własnym kraju, wszędzie słychać obce języki i inną kulturę.",negative
"Pracuję z kilkoma osobami z Białorusi i muszę przyznać, że są to niezwykle sumienni, pracowici i kulturalni ludzie.",positive
"Przez napływ taniej siły roboczej ze wschodu nasze pensje stoją w miejscu, bo pracodawcy wolą zatrudnić imigranta za połowę stawki.",negative
"Cieszę się, że nasze społeczeństwo staje się bardziej różnorodne, to wnosi nową energię i ciekawe perspektywy do naszego życia.",positive
"Sytuacja na granicy z Białorusią jest przerażająca, ci ludzie są wykorzystywani politycznie i szturmują nasze granice w sposób agresywny.",negative
"Widać, że wielu z tych przyjezdnych to wykształceni specjaliści, lekarze i inżynierowie, którzy realnie wspierają nasz rozwój.",positive
"Nie mogę znieść tego hałasu i imprez, odkąd do mieszkania obok wprowadzili się ci studenci z zagranicy.",negative
"Dzięki imigrantom, którzy płacą u nas składki ZUS, nasz system emerytalny jeszcze jakoś funkcjonuje i nie zbankrutował.",positive
"Jestem przeciwny przyjmowaniu imigrantów z krajów islamskich, bo ich kultura jest zbyt odmienna od naszej i rodzi konflikty.",negative
"Podziwiam te kobiety z Ukrainy, które uciekły z dziećmi i mimo traumy starają się tutaj normalnie żyć i pracować.",positive
"To skandal, że obcokrajowcy mają łatwiejszy dostęp do przedszkoli i żłobków niż dzieci rodziców, którzy płacą tu podatki od lat.",negative
"Wspólne gotowanie i sąsiedzkie spotkania z rodziną z Ukrainy to dla nas fantastyczna okazja do poznania ich kultury i kuchni.",positive
"Czuję się nieswojo widząc grupy młodych mężczyzn z egzotycznych krajów, którzy przesiadują całymi dniami na ławkach w parku.",negative
"Dobrze, że rząd ułatwia procedury wizowe dla pracowników z Azji, bo bez nich wiele inwestycji budowlanych by stanęło.",positive
"Mam żal do władz, że bardziej dbają o wizerunek międzynarodowy i pomoc obcym niż o biednych emerytów we własnym kraju.",negative
"To piękne, że polskie i ukraińskie dzieci bawią się razem na placu zabaw, nie widząc żadnych różnic narodowościowych.",positive
"Wkurza mnie, że w urzędach są specjalne okienka dla cudzoziemców, a my musimy stać w gigantycznych kolejkach.",negative
"Dzięki napływowi nowych mieszkańców nasze miasto odżyło, powstały nowe restauracje i sklepy z ciekawym asortymentem.",positive
"Boję się o przyszłość naszej tożsamości narodowej, jeśli nadal będziemy przyjmować tylu imigrantów bez żadnej kontroli i asymilacji.",negative
"Uważam, że ci ludzie ciężko pracują na nasz wspólny dobrobyt i należy im się szacunek oraz godne traktowanie.",positive
"Przestępczość w okolicy wzrosła i niestety mam wrażenie, że ma to związek z nowymi przybyszami, o których nic nie wiemy.",negative
"Super, że na rynku pracy pojawiła się konkurencja, może w końcu Polacy nauczą się szacunku do pracy i pracodawcy.",positive
"To niedopuszczalne, żeby obcy narzucali nam swoje zwyczaje i żądali zmian w naszym prawie czy kulturze.",negative
"Jestem wdzięczna pani z Ukrainy, która opiekuje się moją chorą mamą, bo znalezienie polskiej opiekunki graniczyło z cudem.",positive
"Mamy już wystarczająco dużo własnych problemów gospodarczych, nie stać nas na utrzymywanie kolejnych tysięcy uchodźców.",negative
"Fajnie, że w szkołach są asystenci kulturowi, którzy pomagają dzieciom z zagranicy odnaleźć się w nowej rzeczywistości.",positive
"Nie podoba mi się, że w sklepach coraz częściej produkty są opisane cyrylicą, czuję się jakbym nie był w Polsce.",negative
"Doceniam to, że imigranci zarobkowi wypełniają luki w transporcie i logistyce, dzięki nim towary docierają na czas.",positive
"Zauważyłem, że odkąd jest więcej obcokrajowców, na ulicach jest brudniej i panuje większy chaos komunikacyjny.",negative
"To wspaniałe świadectwo naszego chrześcijaństwa, że potrafimy otworzyć drzwi przed potrzebującymi bliźnimi ze wschodu.",positive
"Denerwuje mnie to roszczeniowe podejście niektórych uchodźców, którzy uważają, że wszystko im się należy tylko dlatego, że przyjechali.",negative
"Cieszę się, że dzięki studentom z zagranicy nasze uniwersytety stają się bardziej międzynarodowe i prestiżowe.",positive
"System opieki zdrowotnej zaraz się zawali pod naporem dodatkowych milionów pacjentów, którzy nie dokładali się do systemu.",negative
"Imigranci z Wietnamu czy Indii, którzy prowadzą u nas bary, są zawsze bardzo uprzejmi i uśmiechnięci, lubię tam chodzić.",positive
"Nie chcę, żeby moje dziecko w szkole musiało czekać z materiałem, bo połowa klasy nie rozumie po polsku.",negative
"Wielu Ukraińców walczy teraz także za naszą wolność, więc pomoc ich rodzinom tutaj to najmniej, co możemy zrobić.",positive
"Wydaje mi się, że rząd stracił kontrolę nad tym, kto wjeżdża do kraju, to stwarza realne zagrożenie terrorystyczne.",negative
"Podoba mi się, że nasze społeczeństwo młodnieje dzięki przybyszom, bo demografia Polski wyglądała ostatnio bardzo słabo.",positive
"Mam dość tego, że media przemilczają incydenty z udziałem imigrantów, żeby nie psuć poprawnego politycznie przekazu.",negative
"To bardzo pozytywne zjawisko, że obcokrajowcy kupują u nas mieszkania i płacą podatki od nieruchomości, zasilając budżet gminy.",positive
"Przez tłok w komunikacji miejskiej spowodowany przeludnieniem miasta, codzienne dojazdy do pracy stały się koszmarem.",negative
"Jestem pełna podziwu dla determinacji tych ludzi, którzy zostawili wszystko i budują u nas życie od zera.",positive
"Rynek najmu zwariował, właściciele wolą wynająć firmom kwaterującym pracowników niż polskiej rodzinie z dziećmi.",negative
"Dobrze, że mamy pracowników z Filipin czy Nepalu, są bardzo spokojni i wykonują prace, których nikt inny nie chce brać.",positive
"To absurd, że polski przedsiębiorca jest kontrolowany na każdym kroku, a nielegalny handel uliczny imigrantów kwitnie w najlepsze.",negative
"Cieszę się, że moje dzieci będą dorastać w wielokulturowym środowisku, to przygotuje je do życia w globalnym świecie.",positive
"Nie czuję się bezpiecznie w taksówkach na aplikację, bo kierowcy często nie znają miasta ani przepisów i jeżdżą brawurowo.",negative
"Wielu moich znajomych z Ukrainy to świetni fachowcy, którzy wnieśli nową jakość do naszej firmy informatycznej.",positive
"Rząd powinien najpierw zadbać o mieszkania dla młodych Polaków, a dopiero potem zapraszać gości z całego świata.",negative
"To budujące, że lokalne domy kultury organizują zajęcia integracyjne, na których Polacy i obcokrajowcy mogą się poznać.",positive
"Boję się epidemii chorób, które mogą przywieźć ze sobą ludzie z regionów, gdzie szczepienia nie są obowiązkowe.",negative
"Uważam, że obecność pracowników z zagranicy to jedyny ratunek dla naszego rolnictwa, bez nich owoce zgniłyby na drzewach.",positive
"Nie podoba mi się, że flagi obcych państw wiszą w miejscach publicznych na równi z naszą flagą narodową.",negative
"To niesamowite, jak wiele talentów muzycznych i artystycznych przyjechało do nas wraz z falą migracji ze wschodu.",positive
"Jestem zaniepokojony tym, że powstają u nas zamknięte getta, gdzie policja boi się wjeżdżać, jak na zachodzie Europy.",negative
"Bardzo cenię sobie to, że dzięki imigrantom mogę spróbować autentycznych potraw z Gruzji czy Indii bez wyjeżdżania z kraju.",positive
"Denerwuje mnie, że pracodawcy wykorzystują naiwność obcokrajowców, psując rynek pracy dla wszystkich pracowników.",negative
"Fajnie, że w naszym kościele są msze w innych językach, widać, że wspólnota się rozrasta i jest żywa.",positive
"Zbyt duża liczba imigrantów w krótkim czasie może doprowadzić do niepokojów społecznych i wzrostu nastrojów nacjonalistycznych.",negative
"Dzięki temu, że przyjechało tylu młodych ludzi, nasze miasto nocą tętni życiem, a kluby i kawiarnie są pełne.",positive
"Mam wrażenie, że polska kultura i tradycja są spychane na margines, żeby nikogo z przyjezdnych nie urazić.",negative
"To dobrze, że procedury nostryfikacji dyplomów zostały uproszczone, dzięki temu lekarze ze wschodu mogą nas leczyć.",positive
"Wkurza mnie, że na budowach pracują ludzie bez kwalifikacji i bhp, byle tylko było taniej i szybciej.",negative
"Jestem wzruszona historiami ludzi, którym udało się uciec z piekła wojny i znaleźć w Polsce bezpieczny dom.",positive
"Nie rozumiem, dlaczego państwo finansuje kursy językowe dla obcokrajowców, skoro brakuje pieniędzy na szkoły dla naszych dzieci.",negative
"Cieszę się, że mamy tylu kurierów i dostawców jedzenia z zagranicy, dzięki nim usługi są błyskawiczne.",positive
"To niebezpieczne, że nie wiemy, kto tak naprawdę przekracza naszą granicę i jaką ma przeszłość kryminalną.",negative
"Współpraca gospodarcza z ukraińskimi firmami, które przeniosły się do Polski, daje nam dostęp do nowych rynków zbytu.",positive
"Jestem zdegustowany zachowaniem niektórych turystów czy imigrantów, którzy nie szanują naszych pomników i miejsc pamięci.",negative
"To wspaniale widzieć, jak polskie i ukraińskie organizacje pozarządowe współpracują, żeby pomagać najbardziej potrzebującym.",positive
"Boję się, że konflikt zza wschodniej granicy przeniesie się na nasze ulice wraz z ludźmi, którzy mają do siebie urazy.",negative
"Dzięki nowym mieszkańcom z zagranicy, rynek usług remontowych w końcu stał się bardziej konkurencyjny i terminowy.",positive
"Nie podoba mi się, że w urzędach pracy priorytetowo traktuje się obcokrajowców, jakby Polacy nie potrzebowali pomocy.",negative
"Jestem pozytywnie zaskoczony wysoką kulturą osobistą pracowników z Azji, którzy obsługują nas w restauracjach.",positive
"Mierzi mnie to, że w mediach każdy krytyczny głos wobec polityki migracyjnej jest od razu nazywany rasizmem.",negative
"Uważam, że wielokulturowość to szansa na rozwój innowacyjności, bo różne spojrzenia na problemy rodzą lepsze rozwiązania.",positive
"Przeraża mnie wizja, że za kilka lat będziemy obcymi we własnym kraju, jeśli ten trend demograficzny się utrzyma.",negative
"To bardzo szlachetne, że tyle polskich rodzin przyjęło uchodźców pod swój dach, dzieląc się z nimi dosłownie wszystkim.",positive
"Denerwuje mnie tłok w sklepach i galeriach, w weekendy słychać tam prawie wyłącznie języki ze wschodu.",negative
"Cieszę się, że dzięki imigrantom zarobkowym udało się dokończyć budowę autostrady w terminie, bo brakowało rąk do pracy.",positive
"To niesprawiedliwe, że studenci z zagranicy dostają stypendia, na które polscy studenci muszą pracować o wiele ciężej.",negative
"Podoba mi się, że miasto staje się bardziej kolorowe i otwarte, to przyciąga zagranicznych inwestorów i turystów.",positive
"Mam obawy, że importujemy problemy społeczne z innych krajów, zamiast rozwiązywać nasze własne bolączki.",negative
"Dzięki sąsiadom z Wietnamu moja córka zaczęła interesować się kulturą Azji i uczy się nowych języków.",positive
"Wkurza mnie, że niektórzy imigranci jeżdżą drogimi samochodami na ukraińskich blachach i nie płacą mandatów z fotoradarów.",negative
"To dobrze, że Polska staje się domem dla prześladowanych opozycjonistów z Białorusi, walczących o wolność.",positive
"Nie zgadzam się na finansowanie lekcji religii innych wyznań w publicznych szkołach z moich podatków.",negative
"Jestem wdzięczny, że tak wielu obcokrajowców wybiera Polskę do życia, to dowód na to, że nasz kraj się rozwija.",positive

